-- MySQL dump 10.13  Distrib 5.7.16, for Linux (x86_64)
--
-- Host: localhost    Database: Car
-- ------------------------------------------------------
-- Server version	5.7.16-0ubuntu0.16.04.1

/*!40101 SET @OLD_CHARACTER_SET_CLIENT=@@CHARACTER_SET_CLIENT */;
/*!40101 SET @OLD_CHARACTER_SET_RESULTS=@@CHARACTER_SET_RESULTS */;
/*!40101 SET @OLD_COLLATION_CONNECTION=@@COLLATION_CONNECTION */;
/*!40101 SET NAMES utf8 */;
/*!40103 SET @OLD_TIME_ZONE=@@TIME_ZONE */;
/*!40103 SET TIME_ZONE='+00:00' */;
/*!40014 SET @OLD_UNIQUE_CHECKS=@@UNIQUE_CHECKS, UNIQUE_CHECKS=0 */;
/*!40014 SET @OLD_FOREIGN_KEY_CHECKS=@@FOREIGN_KEY_CHECKS, FOREIGN_KEY_CHECKS=0 */;
/*!40101 SET @OLD_SQL_MODE=@@SQL_MODE, SQL_MODE='NO_AUTO_VALUE_ON_ZERO' */;
/*!40111 SET @OLD_SQL_NOTES=@@SQL_NOTES, SQL_NOTES=0 */;

--
-- Table structure for table `auth_group`
--

DROP TABLE IF EXISTS `auth_group`;
/*!40101 SET @saved_cs_client     = @@character_set_client */;
/*!40101 SET character_set_client = utf8 */;
CREATE TABLE `auth_group` (
  `id` int(11) NOT NULL AUTO_INCREMENT,
  `name` varchar(80) NOT NULL,
  PRIMARY KEY (`id`),
  UNIQUE KEY `name` (`name`)
) ENGINE=InnoDB DEFAULT CHARSET=latin1;
/*!40101 SET character_set_client = @saved_cs_client */;

--
-- Dumping data for table `auth_group`
--

LOCK TABLES `auth_group` WRITE;
/*!40000 ALTER TABLE `auth_group` DISABLE KEYS */;
/*!40000 ALTER TABLE `auth_group` ENABLE KEYS */;
UNLOCK TABLES;

--
-- Table structure for table `auth_group_permissions`
--

DROP TABLE IF EXISTS `auth_group_permissions`;
/*!40101 SET @saved_cs_client     = @@character_set_client */;
/*!40101 SET character_set_client = utf8 */;
CREATE TABLE `auth_group_permissions` (
  `id` int(11) NOT NULL AUTO_INCREMENT,
  `group_id` int(11) NOT NULL,
  `permission_id` int(11) NOT NULL,
  PRIMARY KEY (`id`),
  UNIQUE KEY `auth_group_permissions_group_id_0cd325b0_uniq` (`group_id`,`permission_id`),
  KEY `auth_group_permissi_permission_id_84c5c92e_fk_auth_permission_id` (`permission_id`),
  CONSTRAINT `auth_group_permissi_permission_id_84c5c92e_fk_auth_permission_id` FOREIGN KEY (`permission_id`) REFERENCES `auth_permission` (`id`),
  CONSTRAINT `auth_group_permissions_group_id_b120cbf9_fk_auth_group_id` FOREIGN KEY (`group_id`) REFERENCES `auth_group` (`id`)
) ENGINE=InnoDB DEFAULT CHARSET=latin1;
/*!40101 SET character_set_client = @saved_cs_client */;

--
-- Dumping data for table `auth_group_permissions`
--

LOCK TABLES `auth_group_permissions` WRITE;
/*!40000 ALTER TABLE `auth_group_permissions` DISABLE KEYS */;
/*!40000 ALTER TABLE `auth_group_permissions` ENABLE KEYS */;
UNLOCK TABLES;

--
-- Table structure for table `auth_permission`
--

DROP TABLE IF EXISTS `auth_permission`;
/*!40101 SET @saved_cs_client     = @@character_set_client */;
/*!40101 SET character_set_client = utf8 */;
CREATE TABLE `auth_permission` (
  `id` int(11) NOT NULL AUTO_INCREMENT,
  `name` varchar(255) NOT NULL,
  `content_type_id` int(11) NOT NULL,
  `codename` varchar(100) NOT NULL,
  PRIMARY KEY (`id`),
  UNIQUE KEY `auth_permission_content_type_id_01ab375a_uniq` (`content_type_id`,`codename`),
  CONSTRAINT `auth_permissi_content_type_id_2f476e4b_fk_django_content_type_id` FOREIGN KEY (`content_type_id`) REFERENCES `django_content_type` (`id`)
) ENGINE=InnoDB AUTO_INCREMENT=37 DEFAULT CHARSET=latin1;
/*!40101 SET character_set_client = @saved_cs_client */;

--
-- Dumping data for table `auth_permission`
--

LOCK TABLES `auth_permission` WRITE;
/*!40000 ALTER TABLE `auth_permission` DISABLE KEYS */;
INSERT INTO `auth_permission` VALUES (1,'Can add log entry',1,'add_logentry'),(2,'Can change log entry',1,'change_logentry'),(3,'Can delete log entry',1,'delete_logentry'),(4,'Can add permission',2,'add_permission'),(5,'Can change permission',2,'change_permission'),(6,'Can delete permission',2,'delete_permission'),(7,'Can add group',3,'add_group'),(8,'Can change group',3,'change_group'),(9,'Can delete group',3,'delete_group'),(10,'Can add user',4,'add_user'),(11,'Can change user',4,'change_user'),(12,'Can delete user',4,'delete_user'),(13,'Can add content type',5,'add_contenttype'),(14,'Can change content type',5,'change_contenttype'),(15,'Can delete content type',5,'delete_contenttype'),(16,'Can add redirect',6,'add_redirect'),(17,'Can change redirect',6,'change_redirect'),(18,'Can delete redirect',6,'delete_redirect'),(19,'Can add session',7,'add_session'),(20,'Can change session',7,'change_session'),(21,'Can delete session',7,'delete_session'),(22,'Can add site',8,'add_site'),(23,'Can change site',8,'change_site'),(24,'Can delete site',8,'delete_site'),(25,'Can add car',9,'add_car'),(26,'Can change car',9,'change_car'),(27,'Can delete car',9,'delete_car'),(28,'Can add make',10,'add_make'),(29,'Can change make',10,'change_make'),(30,'Can delete make',10,'delete_make'),(31,'Can add model',11,'add_model'),(32,'Can change model',11,'change_model'),(33,'Can delete model',11,'delete_model'),(34,'Can add year filter',12,'add_yearfilter'),(35,'Can change year filter',12,'change_yearfilter'),(36,'Can delete year filter',12,'delete_yearfilter');
/*!40000 ALTER TABLE `auth_permission` ENABLE KEYS */;
UNLOCK TABLES;

--
-- Table structure for table `auth_user`
--

DROP TABLE IF EXISTS `auth_user`;
/*!40101 SET @saved_cs_client     = @@character_set_client */;
/*!40101 SET character_set_client = utf8 */;
CREATE TABLE `auth_user` (
  `id` int(11) NOT NULL AUTO_INCREMENT,
  `password` varchar(128) NOT NULL,
  `last_login` datetime(6) DEFAULT NULL,
  `is_superuser` tinyint(1) NOT NULL,
  `username` varchar(30) NOT NULL,
  `first_name` varchar(30) NOT NULL,
  `last_name` varchar(30) NOT NULL,
  `email` varchar(254) NOT NULL,
  `is_staff` tinyint(1) NOT NULL,
  `is_active` tinyint(1) NOT NULL,
  `date_joined` datetime(6) NOT NULL,
  PRIMARY KEY (`id`),
  UNIQUE KEY `username` (`username`)
) ENGINE=InnoDB AUTO_INCREMENT=2 DEFAULT CHARSET=latin1;
/*!40101 SET character_set_client = @saved_cs_client */;

--
-- Dumping data for table `auth_user`
--

LOCK TABLES `auth_user` WRITE;
/*!40000 ALTER TABLE `auth_user` DISABLE KEYS */;
INSERT INTO `auth_user` VALUES (1,'pbkdf2_sha256$24000$DpRdsfG0RF3F$eZBwik7mX2+yc33FEtBQjAuzmtWzGCr+vFprjPZy+VM=','2017-01-06 03:59:28.956179',1,'root','','','admin@mail.com',1,1,'2017-01-02 16:22:13.780840');
/*!40000 ALTER TABLE `auth_user` ENABLE KEYS */;
UNLOCK TABLES;

--
-- Table structure for table `auth_user_groups`
--

DROP TABLE IF EXISTS `auth_user_groups`;
/*!40101 SET @saved_cs_client     = @@character_set_client */;
/*!40101 SET character_set_client = utf8 */;
CREATE TABLE `auth_user_groups` (
  `id` int(11) NOT NULL AUTO_INCREMENT,
  `user_id` int(11) NOT NULL,
  `group_id` int(11) NOT NULL,
  PRIMARY KEY (`id`),
  UNIQUE KEY `auth_user_groups_user_id_94350c0c_uniq` (`user_id`,`group_id`),
  KEY `auth_user_groups_group_id_97559544_fk_auth_group_id` (`group_id`),
  CONSTRAINT `auth_user_groups_group_id_97559544_fk_auth_group_id` FOREIGN KEY (`group_id`) REFERENCES `auth_group` (`id`),
  CONSTRAINT `auth_user_groups_user_id_6a12ed8b_fk_auth_user_id` FOREIGN KEY (`user_id`) REFERENCES `auth_user` (`id`)
) ENGINE=InnoDB DEFAULT CHARSET=latin1;
/*!40101 SET character_set_client = @saved_cs_client */;

--
-- Dumping data for table `auth_user_groups`
--

LOCK TABLES `auth_user_groups` WRITE;
/*!40000 ALTER TABLE `auth_user_groups` DISABLE KEYS */;
/*!40000 ALTER TABLE `auth_user_groups` ENABLE KEYS */;
UNLOCK TABLES;

--
-- Table structure for table `auth_user_user_permissions`
--

DROP TABLE IF EXISTS `auth_user_user_permissions`;
/*!40101 SET @saved_cs_client     = @@character_set_client */;
/*!40101 SET character_set_client = utf8 */;
CREATE TABLE `auth_user_user_permissions` (
  `id` int(11) NOT NULL AUTO_INCREMENT,
  `user_id` int(11) NOT NULL,
  `permission_id` int(11) NOT NULL,
  PRIMARY KEY (`id`),
  UNIQUE KEY `auth_user_user_permissions_user_id_14a6b632_uniq` (`user_id`,`permission_id`),
  KEY `auth_user_user_perm_permission_id_1fbb5f2c_fk_auth_permission_id` (`permission_id`),
  CONSTRAINT `auth_user_user_perm_permission_id_1fbb5f2c_fk_auth_permission_id` FOREIGN KEY (`permission_id`) REFERENCES `auth_permission` (`id`),
  CONSTRAINT `auth_user_user_permissions_user_id_a95ead1b_fk_auth_user_id` FOREIGN KEY (`user_id`) REFERENCES `auth_user` (`id`)
) ENGINE=InnoDB DEFAULT CHARSET=latin1;
/*!40101 SET character_set_client = @saved_cs_client */;

--
-- Dumping data for table `auth_user_user_permissions`
--

LOCK TABLES `auth_user_user_permissions` WRITE;
/*!40000 ALTER TABLE `auth_user_user_permissions` DISABLE KEYS */;
/*!40000 ALTER TABLE `auth_user_user_permissions` ENABLE KEYS */;
UNLOCK TABLES;

--
-- Table structure for table `django_admin_log`
--

DROP TABLE IF EXISTS `django_admin_log`;
/*!40101 SET @saved_cs_client     = @@character_set_client */;
/*!40101 SET character_set_client = utf8 */;
CREATE TABLE `django_admin_log` (
  `id` int(11) NOT NULL AUTO_INCREMENT,
  `action_time` datetime(6) NOT NULL,
  `object_id` longtext,
  `object_repr` varchar(200) NOT NULL,
  `action_flag` smallint(5) unsigned NOT NULL,
  `change_message` longtext NOT NULL,
  `content_type_id` int(11) DEFAULT NULL,
  `user_id` int(11) NOT NULL,
  PRIMARY KEY (`id`),
  KEY `django_admin__content_type_id_c4bce8eb_fk_django_content_type_id` (`content_type_id`),
  KEY `django_admin_log_user_id_c564eba6_fk_auth_user_id` (`user_id`),
  CONSTRAINT `django_admin__content_type_id_c4bce8eb_fk_django_content_type_id` FOREIGN KEY (`content_type_id`) REFERENCES `django_content_type` (`id`),
  CONSTRAINT `django_admin_log_user_id_c564eba6_fk_auth_user_id` FOREIGN KEY (`user_id`) REFERENCES `auth_user` (`id`)
) ENGINE=InnoDB AUTO_INCREMENT=503 DEFAULT CHARSET=latin1;
/*!40101 SET character_set_client = @saved_cs_client */;

--
-- Dumping data for table `django_admin_log`
--

LOCK TABLES `django_admin_log` WRITE;
/*!40000 ALTER TABLE `django_admin_log` DISABLE KEYS */;
INSERT INTO `django_admin_log` VALUES (1,'2017-01-02 16:26:01.762664','1','Audi',1,'Added. Added model \"Audi - RS3\". Added model \"Audi - RS4\".',10,1),(2,'2017-01-02 16:27:06.767198','2','Mercedes-Benz',1,'Added. Added model \"Mercedes-Benz - AMG GT-S\". Added model \"Mercedes-Benz - SLR-McLaren\". Added model \"Mercedes-Benz - SLS-AMG\".',10,1),(3,'2017-01-02 16:27:50.905461','3','Tesla',1,'Added. Added model \"Tesla - Model S\". Added model \"Tesla - Model X\". Added model \"Tesla - Roadster\".',10,1),(4,'2017-01-02 16:28:11.814935','8','Tesla - Roadster',2,'Added year filter \"Roadster : 2008-2012\".',11,1),(5,'2017-01-02 16:28:27.700990','6','Tesla - Model S',2,'Added year filter \"Model S : 2012-2100\".',11,1),(6,'2017-01-02 16:28:39.217508','7','Tesla - Model X',2,'Added year filter \"Model X : 2016-2100\".',11,1),(7,'2017-01-02 16:28:59.036971','5','Mercedes-Benz - SLS-AMG',2,'Added year filter \"SLS-AMG : 2010-2015\".',11,1),(8,'2017-01-02 16:29:12.251138','4','Mercedes-Benz - SLR-McLaren',2,'Added year filter \"SLR-McLaren : 2003-2010\".',11,1),(9,'2017-01-02 16:29:26.945997','3','Mercedes-Benz - AMG GT-S',2,'Added year filter \"AMG GT-S : 2014-2100\".',11,1),(10,'2017-01-02 16:30:08.991649','2','Audi - RS4',2,'Added year filter \"RS4 : 2000-2001\". Added year filter \"RS4 : 2006-2008\". Added year filter \"RS4 : 2012-2015\".',11,1),(11,'2017-01-02 16:30:31.700918','1','Audi - RS3',2,'Added year filter \"RS3 : 2011-2013\". Added year filter \"RS3 : 2015-2016\".',11,1),(12,'2017-01-02 20:21:12.822896','1','Audi',2,'Added model \"Audi - R8\". Added model \"Audi - R8\".',10,1),(13,'2017-01-02 20:24:32.412344','1','Audi',2,'Added model \"Audi - RS5\".',10,1),(14,'2017-01-02 20:25:00.500282','1','Audi',2,'Added model \"Audi - RS6\". Added model \"Audi - RS7\".',10,1),(15,'2017-01-02 20:25:40.228694','1','Audi',2,'Added model \"Audi - S3\". Added model \"Audi - S4\". Added model \"Audi - S5\". Added model \"Audi - S6\". Added model \"Audi - S7\". Added model \"Audi - S8\".',10,1),(16,'2017-01-02 20:29:38.256062','19','Audi - S8',2,'Added year filter \"S8 : 1997-2100\".',11,1),(17,'2017-01-02 20:31:04.314364','18','Audi - S7',2,'Added year filter \"S7 : 2012-2100\".',11,1),(18,'2017-01-02 20:31:18.092298','17','Audi - S6',2,'Added year filter \"S6 : 1994-2100\".',11,1),(19,'2017-01-02 20:31:26.816941','16','Audi - S5',2,'Added year filter \"S5 : 2007-2100\".',11,1),(20,'2017-01-02 20:31:41.893942','15','Audi - S4',2,'Added year filter \"S4 : 1992-2100\".',11,1),(21,'2017-01-02 20:31:59.461402','14','Audi - S3',2,'Added year filter \"S3 : 1999-2003\". Added year filter \"S3 : 2006-2100\".',11,1),(22,'2017-01-02 20:32:12.177302','13','Audi - RS7',2,'Added year filter \"RS7 : 2013-2100\".',11,1),(23,'2017-01-02 20:32:32.884677','12','Audi - RS6',2,'Added year filter \"RS6 : 2002-2010\". Added year filter \"RS6 : 2013-2016\".',11,1),(24,'2017-01-02 20:32:47.737478','11','Audi - RS5',2,'Added year filter \"RS5 : 2010-2015\".',11,1),(25,'2017-01-02 20:32:58.615840','10','Audi - R8',2,'Added year filter \"R8 : 2007-2100\".',11,1),(26,'2017-01-02 20:33:08.419505','9','Audi - R8',2,'Added year filter \"R8 : 2007-2100\".',11,1),(27,'2017-01-02 20:45:42.226395','4','Aston Martin',1,'Added. Added model \"Aston Martin - DB7 - DB7\". Added model \"Aston Martin - DB9 - DB9\". Added model \"Aston Martin - DBS - DBS\". Added model \"Aston Martin - Rapide - Rapide\". Added model \"Aston Martin - Rapide - Rapide S\". Added model \"Aston Martin - V12 Vantage - V12 Vantage\". Added model \"Aston Martin - V8 Vantage - V8 Vantage\". Added model \"Aston Martin - Vanquish - Vanquish\". Added model \"Aston Martin - Virage - Virage\".',10,1),(28,'2017-01-02 20:46:12.467935','28','Aston Martin - Virage - Virage',2,'Added year filter \"Virage : 2011-2012\".',11,1),(29,'2017-01-02 20:46:28.718552','20','Aston Martin - DB7 - DB7',2,'Added year filter \"DB7 : 1999-2004\".',11,1),(30,'2017-01-02 20:46:40.730984','21','Aston Martin - DB9 - DB9',2,'Added year filter \"DB9 : 2004-2016\".',11,1),(31,'2017-01-02 20:46:49.237459','22','Aston Martin - DBS - DBS',2,'Added year filter \"DBS : 2008-2012\".',11,1),(32,'2017-01-02 20:47:06.138654','23','Aston Martin - Rapide - Rapide',2,'Added year filter \"Rapide : 2010-2100\".',11,1),(33,'2017-01-02 20:47:14.179958','24','Aston Martin - Rapide - Rapide S',2,'Added year filter \"Rapide : 2010-2100\".',11,1),(34,'2017-01-02 20:47:25.127949','25','Aston Martin - V12 Vantage - V12 Vantage',2,'Added year filter \"V12 Vantage : 2011-2100\".',11,1),(35,'2017-01-02 20:47:33.928736','26','Aston Martin - V8 Vantage - V8 Vantage',2,'Added year filter \"V8 Vantage : 2005-2100\".',11,1),(36,'2017-01-02 20:47:53.619217','27','Aston Martin - Vanquish - Vanquish',2,'Added year filter \"Vanquish : 2001-2007\". Added year filter \"Vanquish : 2012-2100\".',11,1),(37,'2017-01-02 20:50:35.163425','5','Bentley',1,'Added. Added model \"Bentley - Arnage - Arnage\". Added model \"Bentley - Azure - Azure\". Added model \"Bentley - Bentayga - Bentayga\". Added model \"Bentley - Brooklands - Brooklands\". Added model \"Bentley - Continental - Continental\". Added model \"Bentley - Continental Flying Spur - Continental Flying Spur\". Added model \"Bentley - Continental GT - Continental GT\". Added model \"Bentley - Continental GTC - Continental GTC\". Added model \"Bentley - Continental Supersports - Continental Supersports\". Added model \"Bentley - Eight - Eight\". Added model \"Bentley - Flying Spur - Flying Spur\". Added model \"Bentley - Mulsanne - Mulsanne\".',10,1),(38,'2017-01-02 20:50:55.739845','29','Bentley - Arnage - Arnage',2,'Added year filter \"Arnage : 1998-2009\".',11,1),(39,'2017-01-02 20:51:28.435305','30','Bentley - Azure - Azure',2,'Added year filter \"Azure : 1995-2003\". Added year filter \"Azure : 2006-2010\".',11,1),(40,'2017-01-02 20:51:41.618596','31','Bentley - Bentayga - Bentayga',2,'Added year filter \"Bentayga : 2016-2100\".',11,1),(41,'2017-01-02 20:52:11.931963','32','Bentley - Brooklands - Brooklands',2,'Added year filter \"Brooklands : 1993-1998\". Added year filter \"Brooklands : 2008-2011\".',11,1),(42,'2017-01-02 20:53:15.774842','33','Bentley - Continental - Continental',2,'Added year filter \"Continental : 1952-1965\". Added year filter \"Continental : 1984-2100\".',11,1),(43,'2017-01-02 20:53:35.196225','34','Bentley - Continental Flying Spur - Continental Flying Spur',2,'Added year filter \"Continental Flying Spur : 2005-2100\".',11,1),(44,'2017-01-02 20:53:43.774524','35','Bentley - Continental GT - Continental GT',2,'Added year filter \"Continental GT : 2004-2100\".',11,1),(45,'2017-01-02 20:53:52.608781','36','Bentley - Continental GTC - Continental GTC',2,'Added year filter \"Continental GTC : 2007-2100\".',11,1),(46,'2017-01-02 20:54:08.539406','37','Bentley - Continental Supersports - Continental Supersports',2,'Added year filter \"Continental Supersports : 2009-2013\".',11,1),(47,'2017-01-02 20:54:20.436676','38','Bentley - Eight - Eight',2,'Added year filter \"Eight : 1984-1992\".',11,1),(48,'2017-01-02 20:54:29.852150','39','Bentley - Flying Spur - Flying Spur',2,'Added year filter \"Flying Spur : 2005-2100\".',11,1),(49,'2017-01-02 20:54:55.785005','40','Bentley - Mulsanne - Mulsanne',2,'Added year filter \"Mulsanne : 1980-1992\". Added year filter \"Mulsanne : 2010-2100\".',11,1),(50,'2017-01-02 20:56:50.495238','4','Aston Martin',2,'Added model \"Aston Martin - Virage - Virage Volante\".',10,1),(51,'2017-01-02 20:57:06.467543','41','Aston Martin - Virage - Virage Volante',2,'Added year filter \"Virage : 2011-2012\".',11,1),(52,'2017-01-02 21:03:58.477556','6','BMW',1,'Added. Added model \"BMW - i8 - i8\". Added model \"BMW - M2 - M2\". Added model \"BMW - M3 - M3\". Added model \"BMW - M4 - M4\". Added model \"BMW - M5 - M5\". Added model \"BMW - M6 - M6\". Added model \"BMW - M6 - M6 Gran Coupe\". Added model \"BMW - Z1 - Z1\". Added model \"BMW - Z8 - Z8\".',10,1),(53,'2017-01-02 21:04:21.008191','42','BMW - i8 - i8',2,'Added year filter \"i8 : 2014-2100\".',11,1),(54,'2017-01-02 21:04:33.775831','43','BMW - M2 - M2',2,'Added year filter \"M2 : 2015-2100\".',11,1),(55,'2017-01-02 21:05:51.641045','44','BMW - M3 - M3',2,'Added year filter \"M3 : 2000-2100\".',11,1),(56,'2017-01-02 21:06:03.464421','45','BMW - M4 - M4',2,'Added year filter \"M4 : 2014-2100\".',11,1),(57,'2017-01-02 21:06:37.530396','46','BMW - M5 - M5',2,'Added year filter \"M5 : 1985-2100\".',11,1),(58,'2017-01-02 21:07:09.416690','47','BMW - M6 - M6',2,'Added year filter \"M6 : 1984-1989\". Added year filter \"M6 : 2005-2010\". Added year filter \"M6 : 2012-2100\".',11,1),(59,'2017-01-02 21:07:35.482960','48','BMW - M6 - M6 Gran Coupe',2,'Added year filter \"M6 : 1984-1989\". Added year filter \"M6 : 2005-2010\". Added year filter \"M6 : 2012-2100\".',11,1),(60,'2017-01-02 21:07:47.097001','49','BMW - Z1 - Z1',2,'Added year filter \"Z1 : 1989-1992\".',11,1),(61,'2017-01-02 21:07:57.056088','50','BMW - Z8 - Z8',2,'Added year filter \"Z8 : 2000-2003\".',11,1),(62,'2017-01-02 21:09:28.134040','7','Chevrolet',1,'Added. Added model \"Chevrolet - Camaro - Camaro\". Added model \"Chevrolet - Corvette - Corvette\".',10,1),(63,'2017-01-02 21:10:23.895848','51','Chevrolet - Camaro - Camaro',2,'Added year filter \"Camaro : 1967-2002\". Added year filter \"Camaro : 2010-2100\".',11,1),(64,'2017-01-02 21:13:12.406403','52','Chevrolet - Corvette - Corvette',2,'Added year filter \"Corvette : 1984-2100\".',11,1),(65,'2017-01-02 21:17:57.894473','8','Ferrari',1,'Added. Added model \"Ferrari - 308 - 308\". Added model \"Ferrari - 328 - 328\". Added model \"Ferrari - 348 - 348\". Added model \"Ferrari - 360 - 360\". Added model \"Ferrari - 456 - 456\". Added model \"Ferrari - 458 - 458 Italia\". Added model \"Ferrari - 458 - 458 Speciale\". Added model \"Ferrari - 458 - 458 Spider\". Added model \"Ferrari - 488 - 488 GTB\". Added model \"Ferrari - 488 - 488 GTS Spider\".',10,1),(66,'2017-01-02 21:20:45.285964','8','Ferrari',2,'Added model \"Ferrari - 512 - 512\". Added model \"Ferrari - 550 - 550\". Added model \"Ferrari - 575 - 575\". Added model \"Ferrari - 599 - 599\". Added model \"Ferrari - 612 Scaglietti - 612 Scaglietti\". Added model \"Ferrari - California - California\". Added model \"Ferrari - Enzo - Enzo\". Added model \"Ferrari - F355 - F355\". Added model \"Ferrari - F40 - F40\". Added model \"Ferrari - F430 - F430\". Added model \"Ferrari - F50 - F50\". Added model \"Ferrari - FF - FF\". Added model \"Ferrari - LaFerrari - LaFerrari\". Added model \"Ferrari - Mondial - Mondial\". Added model \"Ferrari - Testarossa - Testarossa\". Added model \"Ferrari - California - California T\".',10,1),(67,'2017-01-02 21:21:43.354742','53','Ferrari - 308 - 308',2,'Added year filter \"308 : 1975-1985\".',11,1),(68,'2017-01-02 21:21:57.873118','54','Ferrari - 328 - 328',2,'Added year filter \"328 : 1986-1989\".',11,1),(69,'2017-01-02 21:22:13.019623','55','Ferrari - 348 - 348',2,'Added year filter \"348 : 1989-1995\".',11,1),(70,'2017-01-02 21:22:24.782523','56','Ferrari - 360 - 360',2,'Added year filter \"360 : 1999-2005\".',11,1),(71,'2017-01-02 21:22:41.137192','57','Ferrari - 456 - 456',2,'Added year filter \"456 : 1993-2003\".',11,1),(72,'2017-01-02 21:22:54.738652','58','Ferrari - 458 - 458 Italia',2,'Added year filter \"458 : 2010-2015\".',11,1),(73,'2017-01-02 21:23:04.983186','59','Ferrari - 458 - 458 Speciale',2,'Added year filter \"458 : 2010-2015\".',11,1),(74,'2017-01-02 21:23:16.106376','60','Ferrari - 458 - 458 Spider',2,'Added year filter \"458 : 2010-2015\".',11,1),(75,'2017-01-02 21:23:31.958659','61','Ferrari - 488 - 488 GTB',2,'Added year filter \"488 : 2015-2100\".',11,1),(76,'2017-01-02 21:23:40.696905','62','Ferrari - 488 - 488 GTS Spider',2,'Added year filter \"488 : 2015-2100\".',11,1),(77,'2017-01-02 21:24:00.123074','63','Ferrari - 512 - 512',2,'Added year filter \"512 : 1974-1996\".',11,1),(78,'2017-01-02 21:24:15.529525','64','Ferrari - 550 - 550',2,'Added year filter \"550 : 1996-2002\".',11,1),(79,'2017-01-02 21:24:30.999242','65','Ferrari - 575 - 575',2,'Added year filter \"575 : 2002-2006\".',11,1),(80,'2017-01-02 21:24:42.861402','66','Ferrari - 599 - 599',2,'Added year filter \"599 : 2006-2012\".',11,1),(81,'2017-01-02 21:24:55.687225','67','Ferrari - 612 Scaglietti - 612 Scaglietti',2,'Added year filter \"612 Scaglietti : 2004-2011\".',11,1),(82,'2017-01-02 21:25:10.921553','68','Ferrari - California - California',2,'Added year filter \"California : 2008-2100\".',11,1),(83,'2017-01-02 21:25:20.449374','78','Ferrari - California - California T',2,'Added year filter \"California : 2008-2100\".',11,1),(84,'2017-01-02 21:28:54.066146','69','Ferrari - Enzo - Enzo',2,'Added year filter \"Enzo : 2002-2005\".',11,1),(85,'2017-01-02 21:29:07.082592','70','Ferrari - F355 - F355',2,'Added year filter \"F355 : 1994-1999\".',11,1),(86,'2017-01-02 21:29:25.122739','71','Ferrari - F40 - F40',2,'Added year filter \"F40 : 1987-1993\".',11,1),(87,'2017-01-02 21:29:38.165814','72','Ferrari - F430 - F430',2,'Added year filter \"F430 : 2005-2009\".',11,1),(88,'2017-01-02 21:29:53.958339','73','Ferrari - F50 - F50',2,'Added year filter \"F50 : 1995-1997\".',11,1),(89,'2017-01-02 21:30:06.451323','74','Ferrari - FF - FF',2,'Added year filter \"FF : 2011-2016\".',11,1),(90,'2017-01-02 21:30:16.699152','75','Ferrari - LaFerrari - LaFerrari',2,'Added year filter \"LaFerrari : 2014-2100\".',11,1),(91,'2017-01-02 21:30:27.282664','76','Ferrari - Mondial - Mondial',2,'Added year filter \"Mondial : 1980-1994\".',11,1),(92,'2017-01-02 21:30:42.675396','77','Ferrari - Testarossa - Testarossa',2,'Added year filter \"Testarossa : 1984-1996\".',11,1),(93,'2017-01-02 21:32:18.735759','9','Jaguar',1,'Added. Added model \"Jaguar - E-Type - E-Type\". Added model \"Jaguar - F-Type - F-Type\".',10,1),(94,'2017-01-02 21:32:36.700842','79','Jaguar - E-Type - E-Type',2,'Added year filter \"E-Type : 1961-1975\".',11,1),(95,'2017-01-02 21:32:49.156525','80','Jaguar - F-Type - F-Type',2,'Added year filter \"F-Type : 2013-2100\".',11,1),(96,'2017-01-02 21:34:23.981800','10','Lamborghini',1,'Added. Added model \"Lamborghini - Aventador - Aventador\". Added model \"Lamborghini - Countach - Countach\". Added model \"Lamborghini - Diablo - Diablo\". Added model \"Lamborghini - Gallardo - Gallardo\". Added model \"Lamborghini - Huracan - Huracan\". Added model \"Lamborghini - Murcielago - Murcielago\".',10,1),(97,'2017-01-02 21:34:38.006838','81','Lamborghini - Aventador - Aventador',2,'Added year filter \"Aventador : 2011-2100\".',11,1),(98,'2017-01-02 21:34:53.975211','82','Lamborghini - Countach - Countach',2,'Added year filter \"Countach : 1974-1990\".',11,1),(99,'2017-01-02 21:35:05.950388','83','Lamborghini - Diablo - Diablo',2,'Added year filter \"Diablo : 1990-2001\".',11,1),(100,'2017-01-02 21:35:20.496326','84','Lamborghini - Gallardo - Gallardo',2,'Added year filter \"Gallardo : 2003-2014\".',11,1),(101,'2017-01-02 21:35:30.146347','85','Lamborghini - Huracan - Huracan',2,'Added year filter \"Huracan : 2014-2100\".',11,1),(102,'2017-01-02 21:35:42.946808','86','Lamborghini - Murcielago - Murcielago',2,'Added year filter \"Murcielago : 2002-2010\".',11,1),(103,'2017-01-03 00:43:06.596109','11','Lotus',1,'Added. Added model \"Lotus - Elan - Elan\". Added model \"Lotus - Elise - Elise\". Added model \"Lotus - Esprit - Esprit\". Added model \"Lotus - Evora - Evora\". Added model \"Lotus - Exige - Exige\".',10,1),(104,'2017-01-03 00:44:24.040695','87','Lotus - Elan - Elan',2,'Added year filter \"Elan : 1962-1975\". Added year filter \"Elan : 1989-1996\".',11,1),(105,'2017-01-03 00:46:10.987309','88','Lotus - Elise - Elise',2,'Added year filter \"Elise : 1997-2100\".',11,1),(106,'2017-01-03 00:46:23.485651','89','Lotus - Esprit - Esprit',2,'Added year filter \"Esprit : 1976-2004\".',11,1),(107,'2017-01-03 00:46:34.687805','90','Lotus - Evora - Evora',2,'Added year filter \"Evora : 2010-2100\".',11,1),(108,'2017-01-03 00:46:46.702740','91','Lotus - Exige - Exige',2,'Added year filter \"Exige : 2000-2100\".',11,1),(109,'2017-01-03 00:48:51.520015','12','Maserati',1,'Added. Added model \"Maserati - Coupe - Coupe\". Added model \"Maserati - Ghibli - Ghibli\". Added model \"Maserati - GranSport - GranSport\". Added model \"Maserati - GranTursimo - GranTursimo\". Added model \"Maserati - GranTursimo - GranTurismo Convertible\". Added model \"Maserati - Levante - Levante\". Added model \"Maserati - Quattroporte - Quattroporte\". Added model \"Maserati - Spyder - Spyder\".',10,1),(110,'2017-01-03 00:49:05.635357','92','Maserati - Coupe - Coupe',2,'Added year filter \"Coupe : 2002-2007\".',11,1),(111,'2017-01-03 00:49:26.489386','93','Maserati - Ghibli - Ghibli',2,'Added year filter \"Ghibli : 2013-2100\".',11,1),(112,'2017-01-03 00:49:39.913891','94','Maserati - GranSport - GranSport',2,'Added year filter \"GranSport : 2004-2008\".',11,1),(113,'2017-01-03 00:49:50.901456','96','Maserati - GranTursimo - GranTurismo Convertible',2,'Added year filter \"GranTursimo : 2007-2100\".',11,1),(114,'2017-01-03 00:49:59.296127','95','Maserati - GranTursimo - GranTursimo',2,'Added year filter \"GranTursimo : 2007-2100\".',11,1),(115,'2017-01-03 00:50:11.063351','97','Maserati - Levante - Levante',2,'Added year filter \"Levante : 2016-2100\".',11,1),(116,'2017-01-03 00:50:22.408567','98','Maserati - Quattroporte - Quattroporte',2,'Added year filter \"Quattroporte : 2004-2100\".',11,1),(117,'2017-01-03 00:50:37.161550','99','Maserati - Spyder - Spyder',2,'Added year filter \"Spyder : 2001-2007\".',11,1),(118,'2017-01-03 00:51:59.939695','13','McLaren',1,'Added. Added model \"McLaren - 570S - 570S\". Added model \"McLaren - 650S - 650S\". Added model \"McLaren - 650S - 650S Spider\". Added model \"McLaren - 675LT - 675LT\". Added model \"McLaren - P1 - P1\".',10,1),(119,'2017-01-03 00:52:14.273874','100','McLaren - 570S - 570S',2,'Added year filter \"570S : 2015-2100\".',11,1),(120,'2017-01-03 00:52:24.722037','101','McLaren - 650S - 650S',2,'Added year filter \"650S : 2014-2100\".',11,1),(121,'2017-01-03 00:52:36.384650','102','McLaren - 650S - 650S Spider',2,'Added year filter \"650S : 2014-2100\".',11,1),(122,'2017-01-03 00:52:47.341082','103','McLaren - 675LT - 675LT',2,'Added year filter \"675LT : 2015-2100\".',11,1),(123,'2017-01-03 00:52:55.691600','104','McLaren - P1 - P1',2,'Added year filter \"P1 : 2013-2016\".',11,1),(124,'2017-01-03 00:54:48.313935','14','Nissan',1,'Added. Added model \"Nissan - 300ZX - 300ZX\". Added model \"Nissan - 350Z - 350Z\". Added model \"Nissan - 370Z - 370Z\". Added model \"Nissan - GT-R - GT-R\".',10,1),(125,'2017-01-03 00:55:13.199426','105','Nissan - 300ZX - 300ZX',2,'Added year filter \"300ZX : 1983-2000\".',11,1),(126,'2017-01-03 00:55:24.324461','106','Nissan - 350Z - 350Z',2,'Added year filter \"350Z : 2003-2009\".',11,1),(127,'2017-01-03 00:55:33.316028','107','Nissan - 370Z - 370Z',2,'Added year filter \"370Z : 2009-2100\".',11,1),(128,'2017-01-03 00:55:43.254200','108','Nissan - GT-R - GT-R',2,'Added year filter \"GT-R : 2009-2100\".',11,1),(129,'2017-01-03 00:58:35.218060','15','Porsche',1,'Added. Added model \"Porsche - 356 - 356\". Added model \"Porsche - 911 - 911\". Added model \"Porsche - 911 GT3 - 911 GT3\". Added model \"Porsche - 911 Targa - 911 Targa\". Added model \"Porsche - 911 Turbo - 911 Turbo\". Added model \"Porsche - 912 - 912\". Added model \"Porsche - 914 - 914\". Added model \"Porsche - 918 - 918\". Added model \"Porsche - 924 - 924\". Added model \"Porsche - 928 - 928\". Added model \"Porsche - 944 - 944\". Added model \"Porsche - 968 - 968\". Added model \"Porsche - Boxster - Boxster\". Added model \"Porsche - Carrera GT - Carrera GT\". Added model \"Porsche - Cayenne - Cayenne\". Added model \"Porsche - Cayman - Cayman\". Added model \"Porsche - Panamera - Panamera\".',10,1),(130,'2017-01-03 00:59:06.544731','109','Porsche - 356 - 356',2,'Added year filter \"356 : 1953-1965\".',11,1),(131,'2017-01-03 00:59:17.748934','110','Porsche - 911 - 911',2,'Added year filter \"911 : 1963-2100\".',11,1),(132,'2017-01-03 00:59:27.448137','111','Porsche - 911 GT3 - 911 GT3',2,'Added year filter \"911 GT3 : 1999-2100\".',11,1),(133,'2017-01-03 00:59:41.838439','112','Porsche - 911 Targa - 911 Targa',2,'Added year filter \"911 Targa : 1963-2100\".',11,1),(134,'2017-01-03 00:59:55.031121','113','Porsche - 911 Turbo - 911 Turbo',2,'Added year filter \"911 Turbo : 1975-2100\".',11,1),(135,'2017-01-03 01:00:08.609414','114','Porsche - 912 - 912',2,'Added year filter \"912 : 1965-1976\".',11,1),(136,'2017-01-03 01:00:19.128579','115','Porsche - 914 - 914',2,'Added year filter \"914 : 1969-1976\".',11,1),(137,'2017-01-03 01:00:33.493865','116','Porsche - 918 - 918',2,'Added year filter \"918 : 2014-2016\".',11,1),(138,'2017-01-03 01:00:44.594161','117','Porsche - 924 - 924',2,'Added year filter \"924 : 1976-1988\".',11,1),(139,'2017-01-03 01:00:57.492195','118','Porsche - 928 - 928',2,'Added year filter \"928 : 1977-1995\".',11,1),(140,'2017-01-03 01:01:16.309475','119','Porsche - 944 - 944',2,'Added year filter \"944 : 1982-1991\".',11,1),(141,'2017-01-03 01:01:26.466591','120','Porsche - 968 - 968',2,'Added year filter \"968 : 1992-1995\".',11,1),(142,'2017-01-03 01:01:35.497705','121','Porsche - Boxster - Boxster',2,'Added year filter \"Boxster : 1997-2100\".',11,1),(143,'2017-01-03 01:01:43.035310','122','Porsche - Carrera GT - Carrera GT',2,'Added year filter \"Carrera GT : 2004-2005\".',11,1),(144,'2017-01-03 01:01:54.552877','123','Porsche - Cayenne - Cayenne',2,'Added year filter \"Cayenne : 2003-2100\".',11,1),(145,'2017-01-03 01:02:03.655261','124','Porsche - Cayman - Cayman',2,'Added year filter \"Cayman : 2005-2100\".',11,1),(146,'2017-01-03 01:02:11.992987','125','Porsche - Panamera - Panamera',2,'Added year filter \"Panamera : 2009-2100\".',11,1),(147,'2017-01-03 01:03:17.771230','16','Rolls Royce',1,'Added. Added model \"Rolls Royce - Corniche - Corniche\". Added model \"Rolls Royce - Ghost - Ghost\". Added model \"Rolls Royce - Phantom - Phantom\". Added model \"Rolls Royce - Silver Seraph - Silver Seraph\". Added model \"Rolls Royce - Silver Shadow - Silver Shadow\". Added model \"Rolls Royce - Silver Spirit - Silver Spirit\". Added model \"Rolls Royce - Wraith - Wraith\".',10,1),(148,'2017-01-03 01:03:39.468736','126','Rolls Royce - Corniche - Corniche',2,'Added year filter \"Corniche : 1966-1995\".',11,1),(149,'2017-01-03 01:03:48.018366','127','Rolls Royce - Ghost - Ghost',2,'Added year filter \"Ghost : 2010-2100\".',11,1),(150,'2017-01-03 01:03:59.037579','128','Rolls Royce - Phantom - Phantom',2,'Added year filter \"Phantom : 2004-2100\".',11,1),(151,'2017-01-03 01:04:22.030730','129','Rolls Royce - Silver Seraph - Silver Seraph',2,'Added year filter \"Silver Seraph : 1998-2002\".',11,1),(152,'2017-01-03 01:04:33.443669','130','Rolls Royce - Silver Shadow - Silver Shadow',2,'Added year filter \"Silver Shadow : 1966-1980\".',11,1),(153,'2017-01-03 01:04:44.134401','131','Rolls Royce - Silver Spirit - Silver Spirit',2,'Added year filter \"Silver Spirit : 1980-1999\".',11,1),(154,'2017-01-03 01:04:53.988071','132','Rolls Royce - Wraith - Wraith',2,'Added year filter \"Wraith : 2013-2100\".',11,1),(155,'2017-01-03 07:30:55.741622','2','http://www.supercarreport.com',1,'Added.',8,1),(156,'2017-01-03 07:31:05.714152','1','/street-legal-mclaren-p1-gtr-sale/ ---> /mclaren/p1/',1,'Added.',6,1),(157,'2017-01-03 07:31:17.970740','1','/street-legal-mclaren-p1-gtr-sale/ ---> /mclaren/p1/',2,'Changed site.',6,1),(158,'2017-01-03 07:31:57.966559','1','/street-legal-mclaren-p1-gtr-sale/ ---> http://www.supercarreport.com/mclaren/',2,'Changed new_path.',6,1),(159,'2017-01-03 07:32:38.128504','1','/street-legal-mclaren-p1-gtr-sale/ ---> http://www.supercarreport.com/mclaren/',3,'',6,1),(160,'2017-01-03 07:32:59.948600','2','http://www.supercarreport.com/street-legal-mclaren-p1-gtr-sale/ ---> http://www.supercarreport.com/mclaren/',1,'Added.',6,1),(161,'2017-01-03 07:33:12.468443','2','http://www.supercarreport.com/street-legal-mclaren-p1-gtr-sale/ ---> http://www.supercarreport.com/mclaren/',3,'',6,1),(162,'2017-01-03 12:50:08.398997','12','Maserati',2,'Changed alias for model \"Maserati - GranTurismo - GranTurismo Convertible\". Changed name and alias for model \"Maserati - GranTurismo - GranTurismo\".',10,1),(163,'2017-01-03 23:52:41.489744','20','Aston Martin - DB7 - DB7',2,'Changed min_price and max_price.',11,1),(164,'2017-01-03 23:53:06.407354','21','Aston Martin - DB9 - DB9',2,'Changed min_price.',11,1),(165,'2017-01-03 23:53:15.386782','20','Aston Martin - DB7 - DB7',2,'Changed max_price.',11,1),(166,'2017-01-03 23:53:36.112898','22','Aston Martin - DBS - DBS',2,'Changed min_price.',11,1),(167,'2017-01-03 23:53:44.838214','23','Aston Martin - Rapide - Rapide',2,'Changed min_price.',11,1),(168,'2017-01-03 23:53:50.640313','24','Aston Martin - Rapide - Rapide S',2,'Changed min_price.',11,1),(169,'2017-01-03 23:53:59.383000','25','Aston Martin - V12 Vantage - V12 Vantage',2,'Changed min_price.',11,1),(170,'2017-01-03 23:54:05.028367','26','Aston Martin - V8 Vantage - V8 Vantage',2,'Changed min_price.',11,1),(171,'2017-01-03 23:54:18.237687','27','Aston Martin - Vanquish - Vanquish',2,'Changed min_price.',11,1),(172,'2017-01-03 23:54:24.679050','28','Aston Martin - Virage - Virage',2,'Changed min_price.',11,1),(173,'2017-01-03 23:54:28.563564','41','Aston Martin - Virage - Virage Volante',2,'Changed min_price.',11,1),(174,'2017-01-03 23:55:23.726813','9','Audi - R8 - R8',2,'Changed min_price.',11,1),(175,'2017-01-03 23:55:28.901974','10','Audi - R8 - R8 Spyder',2,'Changed min_price.',11,1),(176,'2017-01-03 23:56:05.262428','29','Bentley - Arnage - Arnage',2,'Changed min_price.',11,1),(177,'2017-01-03 23:56:11.869109','30','Bentley - Azure - Azure',2,'Changed min_price.',11,1),(178,'2017-01-03 23:56:27.604862','31','Bentley - Bentayga - Bentayga',2,'Changed min_price.',11,1),(179,'2017-01-03 23:56:42.828609','32','Bentley - Brooklands - Brooklands',2,'Changed min_price.',11,1),(180,'2017-01-03 23:57:01.326406','33','Bentley - Continental - Continental',2,'Changed min_price.',11,1),(181,'2017-01-03 23:57:06.980386','34','Bentley - Continental Flying Spur - Continental Flying Spur',2,'Changed min_price.',11,1),(182,'2017-01-03 23:57:13.287102','35','Bentley - Continental GT - Continental GT',2,'Changed min_price.',11,1),(183,'2017-01-03 23:57:17.980046','36','Bentley - Continental GTC - Continental GTC',2,'Changed min_price.',11,1),(184,'2017-01-03 23:57:23.942868','37','Bentley - Continental Supersports - Continental Supersports',2,'Changed min_price.',11,1),(185,'2017-01-03 23:57:37.642154','39','Bentley - Flying Spur - Flying Spur',2,'Changed min_price.',11,1),(186,'2017-01-03 23:57:48.857787','40','Bentley - Mulsanne - Mulsanne',2,'Changed min_price.',11,1),(187,'2017-01-03 23:58:10.257597','42','BMW - i8 - i8',2,'Changed min_price.',11,1),(188,'2017-01-03 23:58:17.658800','43','BMW - M2 - M2',2,'Changed min_price.',11,1),(189,'2017-01-03 23:58:36.870107','44','BMW - M3 - M3',2,'Changed min_price.',11,1),(190,'2017-01-03 23:58:49.697557','45','BMW - M4 - M4',2,'Changed min_price.',11,1),(191,'2017-01-03 23:59:02.258500','46','BMW - M5 - M5',2,'Changed min_price.',11,1),(192,'2017-01-03 23:59:13.378276','47','BMW - M6 - M6',2,'Changed min_price.',11,1),(193,'2017-01-03 23:59:22.423334','48','BMW - M6 - M6 Gran Coupe',2,'Changed min_price.',11,1),(194,'2017-01-03 23:59:55.720745','50','BMW - Z8 - Z8',2,'Changed min_price.',11,1),(195,'2017-01-04 00:00:06.747170','51','Chevrolet - Camaro - Camaro',2,'Changed min_price.',11,1),(196,'2017-01-04 00:00:19.800790','52','Chevrolet - Corvette - Corvette',2,'Changed min_price.',11,1),(197,'2017-01-04 00:00:32.649874','53','Ferrari - 308 - 308',2,'Changed min_price.',11,1),(198,'2017-01-04 00:00:43.021365','54','Ferrari - 328 - 328',2,'Changed min_price.',11,1),(199,'2017-01-04 00:00:53.353425','55','Ferrari - 348 - 348',2,'Changed min_price.',11,1),(200,'2017-01-04 00:01:02.857049','56','Ferrari - 360 - 360',2,'Changed min_price.',11,1),(201,'2017-01-04 00:01:12.240096','57','Ferrari - 456 - 456',2,'Changed min_price.',11,1),(202,'2017-01-04 00:01:29.309439','58','Ferrari - 458 - 458 Italia',2,'Changed min_price.',11,1),(203,'2017-01-04 00:01:41.050749','59','Ferrari - 458 - 458 Speciale',2,'Changed min_price.',11,1),(204,'2017-01-04 00:01:50.054433','60','Ferrari - 458 - 458 Spider',2,'Changed min_price.',11,1),(205,'2017-01-04 00:02:34.102868','61','Ferrari - 488 - 488 GTB',2,'Changed min_price.',11,1),(206,'2017-01-04 00:02:42.921715','62','Ferrari - 488 - 488 GTS Spider',2,'Changed min_price.',11,1),(207,'2017-01-04 00:02:51.647593','63','Ferrari - 512 - 512',2,'Changed min_price.',11,1),(208,'2017-01-04 00:02:58.640913','64','Ferrari - 550 - 550',2,'Changed min_price.',11,1),(209,'2017-01-04 00:03:07.015353','65','Ferrari - 575 - 575',2,'Changed min_price.',11,1),(210,'2017-01-04 00:03:19.050036','66','Ferrari - 599 - 599',2,'Changed min_price.',11,1),(211,'2017-01-04 00:03:30.685415','67','Ferrari - 612 Scaglietti - 612 Scaglietti',2,'Changed min_price.',11,1),(212,'2017-01-04 00:03:40.055090','68','Ferrari - California - California',2,'Changed min_price.',11,1),(213,'2017-01-04 00:03:52.601736','78','Ferrari - California - California T',2,'Changed min_price.',11,1),(214,'2017-01-04 00:04:25.842912','69','Ferrari - Enzo - Enzo',2,'Changed min_price.',11,1),(215,'2017-01-04 00:04:38.907834','70','Ferrari - F355 - F355',2,'Changed min_price.',11,1),(216,'2017-01-04 00:04:51.278902','71','Ferrari - F40 - F40',2,'Changed min_price.',11,1),(217,'2017-01-04 00:05:08.829617','72','Ferrari - F430 - F430',2,'Changed min_price.',11,1),(218,'2017-01-04 00:05:15.424209','73','Ferrari - F50 - F50',2,'Changed min_price.',11,1),(219,'2017-01-04 00:05:23.616966','74','Ferrari - FF - FF',2,'Changed min_price.',11,1),(220,'2017-01-04 00:05:52.760335','75','Ferrari - LaFerrari - LaFerrari',2,'Changed min_price and max_price.',11,1),(221,'2017-01-04 00:06:01.256579','76','Ferrari - Mondial - Mondial',2,'Changed min_price.',11,1),(222,'2017-01-04 00:06:10.807070','77','Ferrari - Testarossa - Testarossa',2,'Changed min_price.',11,1),(223,'2017-01-04 00:06:35.846567','79','Jaguar - E-Type - E-Type',2,'Changed min_price.',11,1),(224,'2017-01-04 00:06:44.017365','80','Jaguar - F-Type - F-Type',2,'Changed min_price.',11,1),(225,'2017-01-04 00:07:25.198449','81','Lamborghini - Aventador - Aventador',2,'Changed min_price.',11,1),(226,'2017-01-04 00:08:00.345712','82','Lamborghini - Countach - Countach',2,'Changed min_price.',11,1),(227,'2017-01-04 00:08:08.808035','83','Lamborghini - Diablo - Diablo',2,'Changed min_price.',11,1),(228,'2017-01-04 00:08:48.157992','84','Lamborghini - Gallardo - Gallardo',2,'Changed min_price.',11,1),(229,'2017-01-04 00:09:02.672829','85','Lamborghini - Huracan - Huracan',2,'Changed min_price.',11,1),(230,'2017-01-04 00:09:58.290698','86','Lamborghini - Murcielago - Murcielago',2,'Changed min_price.',11,1),(231,'2017-01-04 00:10:17.884321','88','Lotus - Elise - Elise',2,'Changed min_price.',11,1),(232,'2017-01-04 00:10:27.739175','89','Lotus - Esprit - Esprit',2,'Changed min_price.',11,1),(233,'2017-01-04 00:10:36.612340','90','Lotus - Evora - Evora',2,'Changed min_price.',11,1),(234,'2017-01-04 00:10:44.220013','91','Lotus - Exige - Exige',2,'Changed min_price.',11,1),(235,'2017-01-04 00:10:53.204630','92','Maserati - Coupe - Coupe',2,'Changed min_price.',11,1),(236,'2017-01-04 00:11:05.649492','93','Maserati - Ghibli - Ghibli',2,'Changed min_price.',11,1),(237,'2017-01-04 00:11:16.424724','94','Maserati - GranSport - GranSport',2,'Changed min_price.',11,1),(238,'2017-01-04 00:11:24.488595','95','Maserati - GranTurismo - GranTurismo',2,'Changed min_price.',11,1),(239,'2017-01-04 00:11:31.087867','96','Maserati - GranTurismo - GranTurismo Convertible',2,'Changed min_price.',11,1),(240,'2017-01-04 00:11:38.246350','97','Maserati - Levante - Levante',2,'Changed min_price.',11,1),(241,'2017-01-04 00:11:45.668993','98','Maserati - Quattroporte - Quattroporte',2,'Changed min_price.',11,1),(242,'2017-01-04 00:11:53.019890','99','Maserati - Spyder - Spyder',2,'Changed min_price.',11,1),(243,'2017-01-04 00:12:04.038166','100','McLaren - 570S - 570S',2,'Changed min_price.',11,1),(244,'2017-01-04 00:12:12.979147','101','McLaren - 650S - 650S',2,'Changed min_price.',11,1),(245,'2017-01-04 00:12:21.238124','102','McLaren - 650S - 650S Spider',2,'Changed min_price.',11,1),(246,'2017-01-04 00:12:28.958719','103','McLaren - 675LT - 675LT',2,'Changed min_price.',11,1),(247,'2017-01-04 00:12:35.681905','104','McLaren - P1 - P1',2,'Changed min_price.',11,1),(248,'2017-01-04 00:12:49.778313','3','Mercedes-Benz - AMG GT-S - Amg Gt',2,'Changed min_price.',11,1),(249,'2017-01-04 00:12:59.354651','4','Mercedes-Benz - SLR-McLaren - Slr Mclaren',2,'Changed min_price.',11,1),(250,'2017-01-04 00:13:07.792933','5','Mercedes-Benz - SLS-AMG - Sls Amg',2,'Changed min_price.',11,1),(251,'2017-01-04 00:13:17.160023','105','Nissan - 300ZX - 300ZX',2,'Changed min_price.',11,1),(252,'2017-01-04 00:13:23.608241','106','Nissan - 350Z - 350Z',2,'No fields changed.',11,1),(253,'2017-01-04 00:13:29.641095','107','Nissan - 370Z - 370Z',2,'Changed min_price.',11,1),(254,'2017-01-04 00:13:35.603244','108','Nissan - GT-R - GT-R',2,'Changed min_price.',11,1),(255,'2017-01-04 00:16:01.117275','109','Porsche - 356 - 356',2,'Changed min_price and max_price.',11,1),(256,'2017-01-04 00:16:14.284123','110','Porsche - 911 - 911',2,'Changed min_price.',11,1),(257,'2017-01-04 00:16:24.341643','111','Porsche - 911 GT3 - 911 GT3',2,'Changed min_price.',11,1),(258,'2017-01-04 00:16:34.010493','112','Porsche - 911 Targa - 911 Targa',2,'Changed min_price.',11,1),(259,'2017-01-04 00:16:45.768836','113','Porsche - 911 Turbo - 911 Turbo',2,'Changed min_price.',11,1),(260,'2017-01-04 00:17:03.517213','116','Porsche - 918 - 918',2,'Changed min_price.',11,1),(261,'2017-01-04 00:18:12.484151','121','Porsche - Boxster - Boxster',2,'Changed min_price.',11,1),(262,'2017-01-04 00:18:20.071253','122','Porsche - Carrera GT - Carrera GT',2,'Changed min_price.',11,1),(263,'2017-01-04 00:18:27.149108','123','Porsche - Cayenne - Cayenne',2,'Changed min_price.',11,1),(264,'2017-01-04 00:18:35.424824','124','Porsche - Cayman - Cayman',2,'Changed min_price.',11,1),(265,'2017-01-04 00:18:43.593455','125','Porsche - Panamera - Panamera',2,'Changed min_price.',11,1),(266,'2017-01-04 00:18:52.805386','126','Rolls Royce - Corniche - Corniche',2,'Changed min_price.',11,1),(267,'2017-01-04 00:18:59.963156','127','Rolls Royce - Ghost - Ghost',2,'Changed min_price.',11,1),(268,'2017-01-04 00:19:06.627375','128','Rolls Royce - Phantom - Phantom',2,'Changed min_price.',11,1),(269,'2017-01-04 00:19:14.422946','129','Rolls Royce - Silver Seraph - Silver Seraph',2,'Changed min_price.',11,1),(270,'2017-01-04 00:19:21.357824','130','Rolls Royce - Silver Shadow - Silver Shadow',2,'Changed min_price.',11,1),(271,'2017-01-04 00:19:28.343657','131','Rolls Royce - Silver Spirit - Silver Spirit',2,'Changed min_price.',11,1),(272,'2017-01-04 00:19:36.651967','132','Rolls Royce - Wraith - Wraith',2,'Changed min_price.',11,1),(273,'2017-01-04 00:19:52.576726','6','Tesla - Model S - Model S',2,'Changed min_price.',11,1),(274,'2017-01-04 00:19:59.215011','7','Tesla - Model X - Model X',2,'Changed min_price.',11,1),(275,'2017-01-04 00:20:08.837298','8','Tesla - Roadster - Roadster',2,'Changed min_price.',11,1),(276,'2017-01-04 00:25:33.586388','17','Bugatti',1,'Added. Added model \"Bugatti - Veyron - Veyron\". Added model \"Bugatti - EB 110 - eb 110\".',10,1),(277,'2017-01-04 00:28:42.609077','134','Bugatti - EB 110 - eb 110',3,'',11,1),(278,'2017-01-04 00:29:19.377199','133','Bugatti - Veyron - Veyron',2,'Added year filter \"Veyron : 2005-2015\".',11,1),(279,'2017-01-04 00:33:17.905389','82','Lamborghini - Countach - Countach',2,'Changed max_price.',11,1),(280,'2017-01-04 00:39:55.681240','38','Bentley - Eight - Eight',3,'',11,1),(281,'2017-01-04 00:40:34.874311','33','Bentley - Continental - Continental',2,'Deleted year filter \"Continental : 1952-1965\".',11,1),(282,'2017-01-04 00:42:19.859702','109','Porsche - 356 - 356',3,'',11,1),(283,'2017-01-04 00:51:22.599377','104','McLaren - P1 - P1',2,'Deleted year filter \"P1 : 2013-2016\".',11,1),(284,'2017-01-04 00:51:41.127026','17','Bugatti',3,'',10,1),(285,'2017-01-04 00:54:19.459149','9','Jaguar',2,'Added model \"Jaguar - XK-Type - Xk\".',10,1),(286,'2017-01-04 00:55:34.691898','135','Jaguar - XK-Type - Xk',2,'Added year filter \"XK-Type : 1997-2015\".',11,1),(287,'2017-01-04 01:59:53.149467','117','Porsche - 924 - 924',2,'Changed max_price.',11,1),(288,'2017-01-05 05:20:09.871863','79','Jaguar - E-Type - E-Type',2,'Changed min_price.',11,1),(289,'2017-01-05 05:22:44.504602','114','Porsche - 912 - 912',2,'Changed min_price and max_price.',11,1),(290,'2017-01-05 05:24:20.135622','20','Aston Martin - DB7 - DB7',2,'Changed min_price.',11,1),(291,'2017-01-05 05:30:55.942238','44','BMW - M3 - M3',2,'Changed min_price.',11,1),(292,'2017-01-05 05:31:08.474633','15','Audi - S4 - S4',2,'Changed min_price.',11,1),(293,'2017-01-05 05:31:22.757758','70','Ferrari - F355 - F355',2,'Changed min_price.',11,1),(294,'2017-01-05 05:32:42.358432','104','McLaren - P1 - P1',3,'',11,1),(295,'2017-01-05 07:05:24.526281','89','Lotus - Esprit - Esprit',2,'Changed min_price.',11,1),(296,'2017-01-05 07:22:19.761363','2','Audi - RS4 - RS4',2,'Changed min_price.',11,1),(297,'2017-01-05 08:48:22.857876','113','Porsche - 911 Turbo - 911 Turbo',2,'Changed max_price.',11,1),(298,'2017-01-06 04:04:33.012927','9','Audi - R8 - R8',2,'Changed max_price.',11,1),(299,'2017-01-06 04:04:44.406677','10','Audi - R8 - R8 Spyder',2,'Changed max_price.',11,1),(300,'2017-01-06 04:09:35.958133','9','Audi - R8 - R8',2,'Changed year_interval.',11,1),(301,'2017-01-06 04:11:06.741911','15','Audi - S4 - S4',2,'Changed max_price and year_interval.',11,1),(302,'2017-01-06 04:11:20.646324','16','Audi - S5 - S5',2,'Changed year_interval.',11,1),(303,'2017-01-06 04:12:16.619381','35','Bentley - Continental GT - Continental GT',2,'Changed max_price and year_interval.',11,1),(304,'2017-01-06 04:24:26.509925','20','Aston Martin - DB7 - DB7',2,'Changed max_price.',11,1),(305,'2017-01-06 04:24:40.472811','21','Aston Martin - DB9 - DB9',2,'Changed max_price.',11,1),(306,'2017-01-06 04:27:16.088530','22','Aston Martin - DBS - DBS',2,'Changed max_price.',11,1),(307,'2017-01-06 04:27:58.721898','23','Aston Martin - Rapide - Rapide',2,'Changed max_price.',11,1),(308,'2017-01-06 04:28:08.989853','24','Aston Martin - Rapide - Rapide S',2,'Changed max_price.',11,1),(309,'2017-01-06 04:30:01.401458','25','Aston Martin - V12 Vantage - V12 Vantage',2,'Changed max_price.',11,1),(310,'2017-01-06 04:30:27.963609','26','Aston Martin - V8 Vantage - V8 Vantage',2,'Changed max_price.',11,1),(311,'2017-01-06 04:30:41.535572','27','Aston Martin - Vanquish - Vanquish',2,'Changed max_price.',11,1),(312,'2017-01-06 04:30:56.041435','28','Aston Martin - Virage - Virage',2,'Changed max_price.',11,1),(313,'2017-01-06 04:31:06.081597','41','Aston Martin - Virage - Virage Volante',2,'Changed max_price.',11,1),(314,'2017-01-06 04:31:31.385352','9','Audi - R8 - R8',2,'Changed max_price.',11,1),(315,'2017-01-06 04:31:40.638258','10','Audi - R8 - R8 Spyder',2,'Changed max_price.',11,1),(316,'2017-01-06 04:33:44.279620','1','Audi - RS3 - RS3',2,'Changed max_price.',11,1),(317,'2017-01-06 04:33:58.678950','2','Audi - RS4 - RS4',2,'Changed max_price.',11,1),(318,'2017-01-06 04:34:40.762393','11','Audi - RS5 - RS5',2,'Changed min_price and max_price.',11,1),(319,'2017-01-06 04:35:04.130493','12','Audi - RS6 - RS6',2,'Changed min_price and max_price.',11,1),(320,'2017-01-06 04:35:42.159045','13','Audi - RS7 - RS7',2,'Changed min_price and max_price.',11,1),(321,'2017-01-06 04:35:52.972498','14','Audi - S3 - S3',2,'Changed max_price.',11,1),(322,'2017-01-06 04:36:18.757494','15','Audi - S4 - S4',2,'No fields changed.',11,1),(323,'2017-01-06 04:36:52.752269','16','Audi - S5 - S5',2,'Changed min_price and max_price.',11,1),(324,'2017-01-06 04:37:18.693949','17','Audi - S6 - S6',2,'Changed max_price.',11,1),(325,'2017-01-06 04:37:44.336183','18','Audi - S7 - S7',2,'Changed min_price and max_price.',11,1),(326,'2017-01-06 04:38:22.933274','19','Audi - S8 - S8',2,'Changed max_price.',11,1),(327,'2017-01-06 04:38:37.458733','29','Bentley - Arnage - Arnage',2,'Changed max_price.',11,1),(328,'2017-01-06 04:38:48.549777','30','Bentley - Azure - Azure',2,'Changed max_price.',11,1),(329,'2017-01-06 04:39:01.944301','31','Bentley - Bentayga - Bentayga',2,'Changed max_price.',11,1),(330,'2017-01-06 04:39:43.069814','32','Bentley - Brooklands - Brooklands',2,'Changed max_price.',11,1),(331,'2017-01-06 04:40:22.786088','33','Bentley - Continental - Continental',2,'Changed max_price.',11,1),(332,'2017-01-06 04:40:36.254550','34','Bentley - Continental Flying Spur - Continental Flying Spur',2,'Changed max_price.',11,1),(333,'2017-01-06 04:40:52.920315','35','Bentley - Continental GT - Continental GT',2,'No fields changed.',11,1),(334,'2017-01-06 04:41:16.870952','36','Bentley - Continental GTC - Continental GTC',2,'Changed max_price.',11,1),(335,'2017-01-06 04:41:25.625688','37','Bentley - Continental Supersports - Continental Supersports',2,'Changed max_price.',11,1),(336,'2017-01-06 04:41:35.523941','39','Bentley - Flying Spur - Flying Spur',2,'Changed max_price.',11,1),(337,'2017-01-06 04:42:06.221741','40','Bentley - Mulsanne - Mulsanne',2,'Changed max_price.',11,1),(338,'2017-01-06 04:42:32.671444','42','BMW - i8 - i8',2,'Changed max_price.',11,1),(339,'2017-01-06 04:42:54.217831','43','BMW - M2 - M2',2,'Changed max_price.',11,1),(340,'2017-01-06 04:46:03.467262','44','BMW - M3 - M3',2,'Changed min_price, max_price and year_interval. Changed from_year for year filter \"M3 : 1985-2100\".',11,1),(341,'2017-01-06 04:46:41.957736','45','BMW - M4 - M4',2,'Changed max_price.',11,1),(342,'2017-01-06 04:48:08.469893','46','BMW - M5 - M5',2,'Changed max_price and year_interval.',11,1),(343,'2017-01-06 04:48:30.646003','47','BMW - M6 - M6',2,'Changed max_price and year_interval.',11,1),(344,'2017-01-06 04:48:49.488588','48','BMW - M6 - M6 Gran Coupe',2,'Changed max_price.',11,1),(345,'2017-01-06 04:49:21.933953','49','BMW - Z1 - Z1',2,'Changed min_price and max_price.',11,1),(346,'2017-01-06 04:50:08.116662','50','BMW - Z8 - Z8',2,'Changed min_price and max_price.',11,1),(347,'2017-01-06 04:51:39.100953','51','Chevrolet - Camaro - Camaro',2,'Changed min_price, max_price and year_interval.',11,1),(348,'2017-01-06 04:56:14.508258','52','Chevrolet - Corvette - Corvette',2,'Changed max_price and year_interval. Changed from_year for year filter \"Corvette : 1954-2100\".',11,1),(349,'2017-01-06 04:56:41.461684','53','Ferrari - 308 - 308',2,'Changed max_price.',11,1),(350,'2017-01-06 04:56:54.773527','54','Ferrari - 328 - 328',2,'Changed max_price.',11,1),(351,'2017-01-06 04:57:07.385819','55','Ferrari - 348 - 348',2,'Changed max_price.',11,1),(352,'2017-01-06 04:57:38.323753','56','Ferrari - 360 - 360',2,'Changed max_price.',11,1),(353,'2017-01-06 04:57:54.742694','57','Ferrari - 456 - 456',2,'Changed max_price.',11,1),(354,'2017-01-06 04:58:13.485463','58','Ferrari - 458 - 458 Italia',2,'Changed max_price.',11,1),(355,'2017-01-06 04:58:29.167270','59','Ferrari - 458 - 458 Speciale',2,'Changed max_price.',11,1),(356,'2017-01-06 04:58:43.115528','60','Ferrari - 458 - 458 Spider',2,'Changed max_price.',11,1),(357,'2017-01-06 04:58:57.652153','61','Ferrari - 488 - 488 GTB',2,'Changed max_price.',11,1),(358,'2017-01-06 04:59:07.463364','62','Ferrari - 488 - 488 GTS Spider',2,'Changed max_price.',11,1),(359,'2017-01-06 04:59:24.396963','63','Ferrari - 512 - 512',2,'Changed max_price.',11,1),(360,'2017-01-06 04:59:37.584863','64','Ferrari - 550 - 550',2,'Changed max_price.',11,1),(361,'2017-01-06 04:59:48.779142','65','Ferrari - 575 - 575',2,'Changed max_price.',11,1),(362,'2017-01-06 05:00:29.555212','66','Ferrari - 599 - 599',2,'Changed min_price and max_price.',11,1),(363,'2017-01-06 05:01:11.140096','67','Ferrari - 612 Scaglietti - 612 Scaglietti',2,'Changed min_price and max_price.',11,1),(364,'2017-01-06 05:01:28.013490','68','Ferrari - California - California',2,'Changed min_price and max_price.',11,1),(365,'2017-01-06 05:01:39.232332','78','Ferrari - California - California T',2,'Changed min_price and max_price.',11,1),(366,'2017-01-06 05:01:56.019031','69','Ferrari - Enzo - Enzo',2,'Changed min_price.',11,1),(367,'2017-01-06 05:02:13.578010','70','Ferrari - F355 - F355',2,'Changed min_price and max_price.',11,1),(368,'2017-01-06 05:02:29.058041','71','Ferrari - F40 - F40',2,'Changed min_price.',11,1),(369,'2017-01-06 05:02:44.064791','72','Ferrari - F430 - F430',2,'Changed min_price and max_price.',11,1),(370,'2017-01-06 05:02:54.027562','73','Ferrari - F50 - F50',2,'Changed min_price.',11,1),(371,'2017-01-06 05:03:29.289542','74','Ferrari - FF - FF',2,'Changed min_price and max_price.',11,1),(372,'2017-01-06 05:03:39.995525','75','Ferrari - LaFerrari - LaFerrari',2,'Changed min_price.',11,1),(373,'2017-01-06 05:03:49.929733','76','Ferrari - Mondial - Mondial',2,'Changed max_price.',11,1),(374,'2017-01-06 05:04:06.414888','77','Ferrari - Testarossa - Testarossa',2,'Changed min_price and max_price.',11,1),(375,'2017-01-06 05:05:04.683595','79','Jaguar - E-Type - E-Type',2,'Changed min_price and max_price.',11,1),(376,'2017-01-06 05:05:43.719117','80','Jaguar - F-Type - F-Type',2,'Changed max_price.',11,1),(377,'2017-01-06 05:07:03.239112','135','Jaguar - XK-Type - Xk',2,'Changed min_price, max_price and year_interval.',11,1),(378,'2017-01-06 05:07:23.103236','81','Lamborghini - Aventador - Aventador',2,'Changed min_price and max_price.',11,1),(379,'2017-01-06 05:07:54.004319','82','Lamborghini - Countach - Countach',2,'Changed min_price.',11,1),(380,'2017-01-06 05:08:09.209976','83','Lamborghini - Diablo - Diablo',2,'Changed min_price and max_price.',11,1),(381,'2017-01-06 05:09:05.734799','84','Lamborghini - Gallardo - Gallardo',2,'Changed min_price and max_price.',11,1),(382,'2017-01-06 05:09:43.173627','85','Lamborghini - Huracan - Huracan',2,'Changed max_price.',11,1),(383,'2017-01-06 05:10:21.970680','86','Lamborghini - Murcielago - Murcielago',2,'Changed min_price and max_price.',11,1),(384,'2017-01-06 05:11:13.228727','87','Lotus - Elan - Elan',2,'Changed min_price and max_price.',11,1),(385,'2017-01-06 05:11:48.803545','88','Lotus - Elise - Elise',2,'Changed min_price and max_price.',11,1),(386,'2017-01-06 05:12:37.963420','89','Lotus - Esprit - Esprit',2,'Changed min_price and max_price.',11,1),(387,'2017-01-06 05:13:15.348461','90','Lotus - Evora - Evora',2,'Changed min_price and max_price.',11,1),(388,'2017-01-06 05:13:31.910514','91','Lotus - Exige - Exige',2,'Changed min_price and max_price.',11,1),(389,'2017-01-06 05:13:59.426171','92','Maserati - Coupe - Coupe',2,'Changed min_price and max_price.',11,1),(390,'2017-01-06 05:14:18.418459','93','Maserati - Ghibli - Ghibli',2,'Changed max_price.',11,1),(391,'2017-01-06 05:15:35.229229','94','Maserati - GranSport - GranSport',2,'Changed min_price and max_price.',11,1),(392,'2017-01-06 05:16:07.122453','95','Maserati - GranTurismo - GranTurismo',2,'Changed max_price.',11,1),(393,'2017-01-06 05:16:15.393937','96','Maserati - GranTurismo - GranTurismo Convertible',2,'Changed max_price.',11,1),(394,'2017-01-06 05:16:48.897025','97','Maserati - Levante - Levante',2,'Changed max_price.',11,1),(395,'2017-01-06 05:17:47.675420','98','Maserati - Quattroporte - Quattroporte',2,'Changed max_price.',11,1),(396,'2017-01-06 05:18:24.647329','99','Maserati - Spyder - Spyder',2,'Changed min_price and max_price.',11,1),(397,'2017-01-06 05:19:04.631399','100','McLaren - 570S - 570S',2,'Changed max_price.',11,1),(398,'2017-01-06 05:19:24.668439','101','McLaren - 650S - 650S',2,'Changed max_price.',11,1),(399,'2017-01-06 05:19:32.599630','102','McLaren - 650S - 650S Spider',2,'Changed max_price.',11,1),(400,'2017-01-06 05:19:59.167619','103','McLaren - 675LT - 675LT',2,'Changed max_price.',11,1),(401,'2017-01-06 05:20:18.534617','3','Mercedes-Benz - AMG GT-S - Amg Gt',2,'Changed max_price.',11,1),(402,'2017-01-06 05:21:00.372034','4','Mercedes-Benz - SLR-McLaren - Slr Mclaren',2,'Changed max_price.',11,1),(403,'2017-01-06 05:21:24.442318','5','Mercedes-Benz - SLS-AMG - Sls Amg',2,'Changed min_price and max_price.',11,1),(404,'2017-01-06 05:22:11.216603','105','Nissan - 300ZX - 300ZX',2,'Changed min_price and max_price.',11,1),(405,'2017-01-06 05:23:40.213303','105','Nissan - 300ZX - 300ZX',2,'Changed year_interval.',11,1),(406,'2017-01-06 05:24:33.135235','106','Nissan - 350Z - 350Z',2,'Changed min_price, max_price and year_interval.',11,1),(407,'2017-01-06 05:25:19.184028','107','Nissan - 370Z - 370Z',2,'Changed min_price, max_price and year_interval.',11,1),(408,'2017-01-06 05:25:50.262531','108','Nissan - GT-R - GT-R',2,'Changed min_price and max_price.',11,1),(409,'2017-01-06 05:26:58.699243','110','Porsche - 911 - 911',2,'Changed max_price and year_interval.',11,1),(410,'2017-01-06 05:27:56.909224','111','Porsche - 911 GT3 - 911 GT3',2,'Changed min_price and max_price.',11,1),(411,'2017-01-06 05:29:05.310628','112','Porsche - 911 Targa - 911 Targa',2,'Changed min_price and max_price.',11,1),(412,'2017-01-06 05:30:26.463651','113','Porsche - 911 Turbo - 911 Turbo',2,'Changed min_price, max_price and year_interval.',11,1),(413,'2017-01-06 05:31:27.946089','114','Porsche - 912 - 912',2,'Changed min_price.',11,1),(414,'2017-01-06 05:32:00.578944','115','Porsche - 914 - 914',2,'Changed min_price and max_price.',11,1),(415,'2017-01-06 05:32:36.440457','116','Porsche - 918 - 918',2,'Changed min_price.',11,1),(416,'2017-01-06 05:33:20.368944','117','Porsche - 924 - 924',2,'No fields changed.',11,1),(417,'2017-01-06 05:33:54.064834','118','Porsche - 928 - 928',2,'Changed min_price and max_price.',11,1),(418,'2017-01-06 05:34:45.557868','119','Porsche - 944 - 944',2,'Changed min_price and max_price.',11,1),(419,'2017-01-06 05:35:17.252757','120','Porsche - 968 - 968',2,'Changed min_price and max_price.',11,1),(420,'2017-01-06 05:36:12.183569','121','Porsche - Boxster - Boxster',2,'Changed max_price and year_interval.',11,1),(421,'2017-01-06 05:36:45.449436','122','Porsche - Carrera GT - Carrera GT',2,'Changed min_price and max_price.',11,1),(422,'2017-01-06 05:37:42.377685','123','Porsche - Cayenne - Cayenne',2,'Changed max_price and year_interval.',11,1),(423,'2017-01-06 05:38:25.280693','124','Porsche - Cayman - Cayman',2,'Changed max_price and year_interval.',11,1),(424,'2017-01-06 05:39:11.631558','125','Porsche - Panamera - Panamera',2,'Changed max_price and year_interval.',11,1),(425,'2017-01-06 05:39:51.634454','126','Rolls Royce - Corniche - Corniche',2,'Changed min_price and max_price.',11,1),(426,'2017-01-06 05:40:28.208787','127','Rolls Royce - Ghost - Ghost',2,'Changed min_price and max_price.',11,1),(427,'2017-01-06 05:41:06.762173','128','Rolls Royce - Phantom - Phantom',2,'Changed min_price and max_price.',11,1),(428,'2017-01-06 05:41:54.694042','129','Rolls Royce - Silver Seraph - Silver Seraph',2,'Changed min_price and max_price.',11,1),(429,'2017-01-06 05:42:20.867543','130','Rolls Royce - Silver Shadow - Silver Shadow',2,'Changed min_price and max_price.',11,1),(430,'2017-01-06 05:42:56.071567','131','Rolls Royce - Silver Spirit - Silver Spirit',2,'Changed min_price and max_price.',11,1),(431,'2017-01-06 05:43:23.538754','132','Rolls Royce - Wraith - Wraith',2,'Changed min_price and max_price.',11,1),(432,'2017-01-06 05:44:05.658406','6','Tesla - Model S - Model S',2,'Changed min_price and max_price.',11,1),(433,'2017-01-06 05:44:26.388104','7','Tesla - Model X - Model X',2,'Changed min_price and max_price.',11,1),(434,'2017-01-06 05:44:53.538139','8','Tesla - Roadster - Roadster',2,'Changed min_price and max_price.',11,1),(435,'2017-01-06 05:45:44.104432','44','BMW - M3 - M3',2,'Changed year_interval.',11,1),(436,'2017-01-06 21:13:23.901518','110','Porsche - 911 - 911',2,'Changed min_price and max_price.',11,1),(437,'2017-01-06 21:14:47.631902','44','BMW - M3 - M3',2,'Changed to_year for year filter \"M3 : 1985-2016\".',11,1),(438,'2017-01-06 21:17:02.983186','49','BMW - Z1 - Z1',2,'Changed min_price.',11,1),(439,'2017-01-06 21:25:32.359679','126','Rolls Royce - Corniche - Corniche',2,'Changed min_price.',11,1),(440,'2017-01-06 21:35:31.140783','124','Porsche - Cayman - Cayman',2,'Changed to_year for year filter \"Cayman : 2005-2016\".',11,1),(441,'2017-01-06 21:36:08.321670','84','Lamborghini - Gallardo - Gallardo',2,'Changed min_price.',11,1),(442,'2017-01-06 21:45:57.663846','18','Ford',1,'Added. Added model \"Ford - Mustang - Mustang\".',10,1),(443,'2017-01-06 21:46:12.004851','136','Ford - Mustang - Mustang',2,'Added year filter \"Mustang : 1965-2016\".',11,1),(444,'2017-01-06 21:46:25.137514','136','Ford - Mustang - Mustang',2,'Changed year_interval.',11,1),(445,'2017-01-06 21:52:13.471700','2','Mercedes-Benz',2,'Added model \"Mercedes-Benz - CL-Class - Cl-Class\".',10,1),(446,'2017-01-06 21:52:40.772122','137','Mercedes-Benz - CL-Class - Cl-Class',2,'Changed year_interval. Added year filter \"CL-Class : 1999-2014\".',11,1),(447,'2017-01-06 21:56:51.996972','2','Mercedes-Benz',2,'Added model \"Mercedes-Benz - SL-Class - Sl-Class\".',10,1),(448,'2017-01-06 21:57:08.672938','138','Mercedes-Benz - SL-Class - Sl-Class',2,'Added year filter \"SL-Class : 1990-2016\".',11,1),(449,'2017-01-06 21:59:13.022437','138','Mercedes-Benz - SL-Class - Sl-Class',2,'Changed min_price, max_price and year_interval.',11,1),(450,'2017-01-06 22:04:09.437339','2','Mercedes-Benz',2,'Added model \"Mercedes-Benz - S-Class - S-Class\".',10,1),(451,'2017-01-06 22:04:54.638121','139','Mercedes-Benz - S-Class - S-Class',2,'Changed year_interval. Added year filter \"S-Class : 2000-2016\".',11,1),(452,'2017-01-06 22:25:45.266020','81','Lamborghini - Aventador - Aventador',2,'Changed max_price.',11,1),(453,'2017-01-06 22:39:50.384682','6','BMW',2,'Added model \"BMW - Z4 - Z4\".',10,1),(454,'2017-01-06 22:41:26.983060','140','BMW - Z4 - Z4',2,'Changed year_interval. Added year filter \"Z4 : 2003-2016\".',11,1),(455,'2017-01-06 22:42:52.950689','6','BMW',2,'Added model \"BMW - Z3 - Z3\".',10,1),(456,'2017-01-06 22:43:32.340983','141','BMW - Z3 - Z3',2,'Added year filter \"Z3 : 1996-2002\".',11,1),(457,'2017-01-06 22:46:20.666820','6','BMW',2,'Added model \"BMW - 8 Series - 8 Series\".',10,1),(458,'2017-01-06 22:46:43.600751','142','BMW - 8 Series - 8 Series',2,'Added year filter \"8 Series : 1989-1999\".',11,1),(459,'2017-01-06 23:00:45.283816','19','Dodge',1,'Added. Added model \"Dodge - Viper - Viper\".',10,1),(460,'2017-01-06 23:03:04.598305','143','Dodge - Viper - Viper',2,'Changed year_interval. Added year filter \"Viper : 1993-2010\". Added year filter \"Viper : 2013-2017\".',11,1),(461,'2017-01-06 23:03:20.152653','143','Dodge - Viper - Viper',2,'Changed min_price.',11,1),(462,'2017-01-06 23:30:33.620379','113','Porsche - 911 Turbo - 911 Turbo',2,'Changed max_price.',11,1),(463,'2017-01-07 03:11:43.029333','51','Chevrolet - Camaro - Camaro',2,'Changed min_price.',11,1),(464,'2017-01-07 03:13:28.245617','52','Chevrolet - Corvette - Corvette',2,'Changed min_price.',11,1),(465,'2017-01-07 03:18:57.754576','136','Ford - Mustang - Mustang',2,'Changed min_price and max_price.',11,1),(466,'2017-01-07 03:22:15.180294','52','Chevrolet - Corvette - Corvette',2,'Changed max_price and year_interval.',11,1),(467,'2017-01-07 03:25:00.019948','106','Nissan - 350Z - 350Z',2,'Changed max_price.',11,1),(468,'2017-01-07 03:25:55.007798','124','Porsche - Cayman - Cayman',2,'Changed min_price.',11,1),(469,'2017-01-07 03:30:31.181281','110','Porsche - 911 - 911',2,'Changed min_price.',11,1),(470,'2017-01-07 03:31:41.636712','112','Porsche - 911 Targa - 911 Targa',3,'',11,1),(471,'2017-01-07 03:34:06.027344','135','Jaguar - XK-Type - Xk',2,'Changed min_price and max_price.',11,1),(472,'2017-01-07 03:38:05.123854','136','Ford - Mustang - Mustang',2,'Changed min_price and max_price.',11,1),(473,'2017-01-07 03:39:09.725060','16','Audi - S5 - S5',2,'Changed min_price.',11,1),(474,'2017-01-07 21:31:51.382440','15','Audi - S4 - S4',2,'Changed max_price.',11,1),(475,'2017-01-07 21:32:23.724431','15','Audi - S4 - S4',2,'Changed year_interval.',11,1),(476,'2017-01-07 21:33:12.538727','16','Audi - S5 - S5',2,'Changed min_price.',11,1),(477,'2017-01-07 21:34:04.240430','44','BMW - M3 - M3',2,'Changed min_price and year_interval.',11,1),(478,'2017-01-07 21:34:21.936168','44','BMW - M3 - M3',2,'Changed year_interval.',11,1),(479,'2017-01-07 21:36:37.703294','51','Chevrolet - Camaro - Camaro',2,'Changed min_price and max_price.',11,1),(480,'2017-01-07 21:37:40.168906','52','Chevrolet - Corvette - Corvette',2,'No fields changed.',11,1),(481,'2017-01-07 21:39:10.839039','136','Ford - Mustang - Mustang',2,'Changed max_price and year_interval.',11,1),(482,'2017-01-07 21:39:46.286873','51','Chevrolet - Camaro - Camaro',2,'Changed year_interval.',11,1),(483,'2017-01-07 21:40:16.096761','52','Chevrolet - Corvette - Corvette',2,'Changed min_price and year_interval.',11,1),(484,'2017-01-07 21:40:56.181921','136','Ford - Mustang - Mustang',2,'Changed year_interval.',11,1),(485,'2017-01-07 21:42:10.332902','110','Porsche - 911 - 911',2,'Changed min_price.',11,1),(486,'2017-01-07 21:43:29.947474','113','Porsche - 911 Turbo - 911 Turbo',2,'Changed min_price.',11,1),(487,'2017-01-07 21:43:58.537743','111','Porsche - 911 GT3 - 911 GT3',2,'Changed min_price.',11,1),(488,'2017-01-07 21:44:48.909465','139','Mercedes-Benz - S-Class - S-Class',2,'Changed min_price and max_price.',11,1),(489,'2017-01-07 21:45:34.426805','138','Mercedes-Benz - SL-Class - Sl-Class',2,'Changed min_price.',11,1),(490,'2017-01-07 21:45:50.494511','138','Mercedes-Benz - SL-Class - Sl-Class',2,'Changed min_price.',11,1),(491,'2017-01-07 21:47:51.960658','121','Porsche - Boxster - Boxster',2,'Changed min_price. Changed to_year for year filter \"Boxster : 1997-2016\".',11,1),(492,'2017-01-07 21:48:49.213801','124','Porsche - Cayman - Cayman',2,'Changed min_price and year_interval.',11,1),(493,'2017-01-07 21:50:17.950401','20','Aston Martin - DB7 - DB7',2,'Changed min_price and max_price.',11,1),(494,'2017-01-07 21:50:44.445614','21','Aston Martin - DB9 - DB9',2,'Changed min_price.',11,1),(495,'2017-01-07 21:51:13.549679','22','Aston Martin - DBS - DBS',2,'Changed min_price and max_price.',11,1),(496,'2017-01-07 21:51:42.787638','23','Aston Martin - Rapide - Rapide',2,'Changed min_price.',11,1),(497,'2017-01-07 21:52:00.388868','25','Aston Martin - V12 Vantage - V12 Vantage',2,'Changed min_price.',11,1),(498,'2017-01-07 21:52:27.418306','26','Aston Martin - V8 Vantage - V8 Vantage',2,'Changed max_price.',11,1),(499,'2017-01-07 21:52:56.354969','27','Aston Martin - Vanquish - Vanquish',2,'Changed min_price.',11,1),(500,'2017-01-07 21:54:42.665454','79','Jaguar - E-Type - E-Type',2,'Changed min_price.',11,1),(501,'2017-01-07 21:55:38.509801','135','Jaguar - XK-Type - Xk',2,'Changed min_price, max_price and year_interval.',11,1),(502,'2017-01-07 22:03:27.694383','136','Ford - Mustang - Mustang',2,'Changed min_price.',11,1);
/*!40000 ALTER TABLE `django_admin_log` ENABLE KEYS */;
UNLOCK TABLES;

--
-- Table structure for table `django_content_type`
--

DROP TABLE IF EXISTS `django_content_type`;
/*!40101 SET @saved_cs_client     = @@character_set_client */;
/*!40101 SET character_set_client = utf8 */;
CREATE TABLE `django_content_type` (
  `id` int(11) NOT NULL AUTO_INCREMENT,
  `app_label` varchar(100) NOT NULL,
  `model` varchar(100) NOT NULL,
  PRIMARY KEY (`id`),
  UNIQUE KEY `django_content_type_app_label_76bd3d3b_uniq` (`app_label`,`model`)
) ENGINE=InnoDB AUTO_INCREMENT=13 DEFAULT CHARSET=latin1;
/*!40101 SET character_set_client = @saved_cs_client */;

--
-- Dumping data for table `django_content_type`
--

LOCK TABLES `django_content_type` WRITE;
/*!40000 ALTER TABLE `django_content_type` DISABLE KEYS */;
INSERT INTO `django_content_type` VALUES (1,'admin','logentry'),(3,'auth','group'),(2,'auth','permission'),(4,'auth','user'),(5,'contenttypes','contenttype'),(9,'project','car'),(10,'project','make'),(11,'project','model'),(12,'project','yearfilter'),(6,'redirects','redirect'),(7,'sessions','session'),(8,'sites','site');
/*!40000 ALTER TABLE `django_content_type` ENABLE KEYS */;
UNLOCK TABLES;

--
-- Table structure for table `django_migrations`
--

DROP TABLE IF EXISTS `django_migrations`;
/*!40101 SET @saved_cs_client     = @@character_set_client */;
/*!40101 SET character_set_client = utf8 */;
CREATE TABLE `django_migrations` (
  `id` int(11) NOT NULL AUTO_INCREMENT,
  `app` varchar(255) NOT NULL,
  `name` varchar(255) NOT NULL,
  `applied` datetime(6) NOT NULL,
  PRIMARY KEY (`id`)
) ENGINE=InnoDB AUTO_INCREMENT=20 DEFAULT CHARSET=latin1;
/*!40101 SET character_set_client = @saved_cs_client */;

--
-- Dumping data for table `django_migrations`
--

LOCK TABLES `django_migrations` WRITE;
/*!40000 ALTER TABLE `django_migrations` DISABLE KEYS */;
INSERT INTO `django_migrations` VALUES (1,'contenttypes','0001_initial','2017-01-02 16:21:28.088032'),(2,'auth','0001_initial','2017-01-02 16:21:28.761342'),(3,'admin','0001_initial','2017-01-02 16:21:28.867987'),(4,'admin','0002_logentry_remove_auto_add','2017-01-02 16:21:28.903388'),(5,'contenttypes','0002_remove_content_type_name','2017-01-02 16:21:28.980545'),(6,'auth','0002_alter_permission_name_max_length','2017-01-02 16:21:29.014457'),(7,'auth','0003_alter_user_email_max_length','2017-01-02 16:21:29.029472'),(8,'auth','0004_alter_user_username_opts','2017-01-02 16:21:29.041144'),(9,'auth','0005_alter_user_last_login_null','2017-01-02 16:21:29.077764'),(10,'auth','0006_require_contenttypes_0002','2017-01-02 16:21:29.081200'),(11,'auth','0007_alter_validators_add_error_messages','2017-01-02 16:21:29.092953'),(12,'project','0001_initial','2017-01-02 16:21:29.133042'),(13,'project','0002_auto_20161231_0810','2017-01-02 16:21:29.189454'),(14,'project','0003_auto_20170102_1621','2017-01-02 16:21:29.643850'),(15,'sites','0001_initial','2017-01-02 16:21:29.681109'),(16,'redirects','0001_initial','2017-01-02 16:21:29.752494'),(17,'sessions','0001_initial','2017-01-02 16:21:29.801563'),(18,'sites','0002_alter_domain_unique','2017-01-02 16:21:29.817483'),(19,'project','0004_auto_20170103_2335','2017-01-03 23:35:36.367456');
/*!40000 ALTER TABLE `django_migrations` ENABLE KEYS */;
UNLOCK TABLES;

--
-- Table structure for table `django_redirect`
--

DROP TABLE IF EXISTS `django_redirect`;
/*!40101 SET @saved_cs_client     = @@character_set_client */;
/*!40101 SET character_set_client = utf8 */;
CREATE TABLE `django_redirect` (
  `id` int(11) NOT NULL AUTO_INCREMENT,
  `site_id` int(11) NOT NULL,
  `old_path` varchar(200) NOT NULL,
  `new_path` varchar(200) NOT NULL,
  PRIMARY KEY (`id`),
  UNIQUE KEY `django_redirect_site_id_ac5dd16b_uniq` (`site_id`,`old_path`),
  KEY `django_redirect_91a0b591` (`old_path`),
  CONSTRAINT `django_redirect_site_id_c3e37341_fk_django_site_id` FOREIGN KEY (`site_id`) REFERENCES `django_site` (`id`)
) ENGINE=InnoDB AUTO_INCREMENT=3 DEFAULT CHARSET=latin1;
/*!40101 SET character_set_client = @saved_cs_client */;

--
-- Dumping data for table `django_redirect`
--

LOCK TABLES `django_redirect` WRITE;
/*!40000 ALTER TABLE `django_redirect` DISABLE KEYS */;
/*!40000 ALTER TABLE `django_redirect` ENABLE KEYS */;
UNLOCK TABLES;

--
-- Table structure for table `django_session`
--

DROP TABLE IF EXISTS `django_session`;
/*!40101 SET @saved_cs_client     = @@character_set_client */;
/*!40101 SET character_set_client = utf8 */;
CREATE TABLE `django_session` (
  `session_key` varchar(40) NOT NULL,
  `session_data` longtext NOT NULL,
  `expire_date` datetime(6) NOT NULL,
  PRIMARY KEY (`session_key`),
  KEY `django_session_de54fa62` (`expire_date`)
) ENGINE=InnoDB DEFAULT CHARSET=latin1;
/*!40101 SET character_set_client = @saved_cs_client */;

--
-- Dumping data for table `django_session`
--

LOCK TABLES `django_session` WRITE;
/*!40000 ALTER TABLE `django_session` DISABLE KEYS */;
INSERT INTO `django_session` VALUES ('261dsve83it4xdgv4f8adafsadc7fvnb','ZjhlMmI0MDU5MTY3MzA2Y2ZiNTk3ZTNmOGFjMDk5OTk4YTQxMmY2Mzp7Il9hdXRoX3VzZXJfaGFzaCI6IjBlYTllOGU1MDRlOGM3ZTI0MzYyY2NjMGQ0MDM5YTY0MzVjMjlmNDUiLCJfYXV0aF91c2VyX2JhY2tlbmQiOiJkamFuZ28uY29udHJpYi5hdXRoLmJhY2tlbmRzLk1vZGVsQmFja2VuZCIsIl9hdXRoX3VzZXJfaWQiOiIxIn0=','2017-01-17 12:41:11.284277'),('fcb4ognamlzkr2b19xiwb1zlsivh2yz3','ZjhlMmI0MDU5MTY3MzA2Y2ZiNTk3ZTNmOGFjMDk5OTk4YTQxMmY2Mzp7Il9hdXRoX3VzZXJfaGFzaCI6IjBlYTllOGU1MDRlOGM3ZTI0MzYyY2NjMGQ0MDM5YTY0MzVjMjlmNDUiLCJfYXV0aF91c2VyX2JhY2tlbmQiOiJkamFuZ28uY29udHJpYi5hdXRoLmJhY2tlbmRzLk1vZGVsQmFja2VuZCIsIl9hdXRoX3VzZXJfaWQiOiIxIn0=','2017-01-17 12:17:37.355909'),('fhre5metszfpqwn2w2sgur2lg6bq6cut','ZjhlMmI0MDU5MTY3MzA2Y2ZiNTk3ZTNmOGFjMDk5OTk4YTQxMmY2Mzp7Il9hdXRoX3VzZXJfaGFzaCI6IjBlYTllOGU1MDRlOGM3ZTI0MzYyY2NjMGQ0MDM5YTY0MzVjMjlmNDUiLCJfYXV0aF91c2VyX2JhY2tlbmQiOiJkamFuZ28uY29udHJpYi5hdXRoLmJhY2tlbmRzLk1vZGVsQmFja2VuZCIsIl9hdXRoX3VzZXJfaWQiOiIxIn0=','2017-01-16 19:22:30.595154'),('hw3w0ufhvhtmgdsxg9zs77gh8vya4r3i','ZjhlMmI0MDU5MTY3MzA2Y2ZiNTk3ZTNmOGFjMDk5OTk4YTQxMmY2Mzp7Il9hdXRoX3VzZXJfaGFzaCI6IjBlYTllOGU1MDRlOGM3ZTI0MzYyY2NjMGQ0MDM5YTY0MzVjMjlmNDUiLCJfYXV0aF91c2VyX2JhY2tlbmQiOiJkamFuZ28uY29udHJpYi5hdXRoLmJhY2tlbmRzLk1vZGVsQmFja2VuZCIsIl9hdXRoX3VzZXJfaWQiOiIxIn0=','2017-01-20 03:59:28.959255'),('i8buqf4xrkyllgp07vua2wn618fyphfs','ZjhlMmI0MDU5MTY3MzA2Y2ZiNTk3ZTNmOGFjMDk5OTk4YTQxMmY2Mzp7Il9hdXRoX3VzZXJfaGFzaCI6IjBlYTllOGU1MDRlOGM3ZTI0MzYyY2NjMGQ0MDM5YTY0MzVjMjlmNDUiLCJfYXV0aF91c2VyX2JhY2tlbmQiOiJkamFuZ28uY29udHJpYi5hdXRoLmJhY2tlbmRzLk1vZGVsQmFja2VuZCIsIl9hdXRoX3VzZXJfaWQiOiIxIn0=','2017-01-17 05:40:33.051613'),('nk7c54xgjf8nx68vikdpvrl1aa20a4zx','ZjhlMmI0MDU5MTY3MzA2Y2ZiNTk3ZTNmOGFjMDk5OTk4YTQxMmY2Mzp7Il9hdXRoX3VzZXJfaGFzaCI6IjBlYTllOGU1MDRlOGM3ZTI0MzYyY2NjMGQ0MDM5YTY0MzVjMjlmNDUiLCJfYXV0aF91c2VyX2JhY2tlbmQiOiJkamFuZ28uY29udHJpYi5hdXRoLmJhY2tlbmRzLk1vZGVsQmFja2VuZCIsIl9hdXRoX3VzZXJfaWQiOiIxIn0=','2017-01-16 22:44:37.843558'),('qdgl471cu00jfj7uobgk5365pq47aa9c','ZjhlMmI0MDU5MTY3MzA2Y2ZiNTk3ZTNmOGFjMDk5OTk4YTQxMmY2Mzp7Il9hdXRoX3VzZXJfaGFzaCI6IjBlYTllOGU1MDRlOGM3ZTI0MzYyY2NjMGQ0MDM5YTY0MzVjMjlmNDUiLCJfYXV0aF91c2VyX2JhY2tlbmQiOiJkamFuZ28uY29udHJpYi5hdXRoLmJhY2tlbmRzLk1vZGVsQmFja2VuZCIsIl9hdXRoX3VzZXJfaWQiOiIxIn0=','2017-01-17 07:29:21.557786'),('vb4qefeksjl60m2cv0xjiuee3h0paxz8','ZjhlMmI0MDU5MTY3MzA2Y2ZiNTk3ZTNmOGFjMDk5OTk4YTQxMmY2Mzp7Il9hdXRoX3VzZXJfaGFzaCI6IjBlYTllOGU1MDRlOGM3ZTI0MzYyY2NjMGQ0MDM5YTY0MzVjMjlmNDUiLCJfYXV0aF91c2VyX2JhY2tlbmQiOiJkamFuZ28uY29udHJpYi5hdXRoLmJhY2tlbmRzLk1vZGVsQmFja2VuZCIsIl9hdXRoX3VzZXJfaWQiOiIxIn0=','2017-01-16 16:25:13.327258'),('wyt14pbkk6eb22bgtetgq4xty5r3ww5s','ZjhlMmI0MDU5MTY3MzA2Y2ZiNTk3ZTNmOGFjMDk5OTk4YTQxMmY2Mzp7Il9hdXRoX3VzZXJfaGFzaCI6IjBlYTllOGU1MDRlOGM3ZTI0MzYyY2NjMGQ0MDM5YTY0MzVjMjlmNDUiLCJfYXV0aF91c2VyX2JhY2tlbmQiOiJkamFuZ28uY29udHJpYi5hdXRoLmJhY2tlbmRzLk1vZGVsQmFja2VuZCIsIl9hdXRoX3VzZXJfaWQiOiIxIn0=','2017-01-16 18:35:53.741275');
/*!40000 ALTER TABLE `django_session` ENABLE KEYS */;
UNLOCK TABLES;

--
-- Table structure for table `django_site`
--

DROP TABLE IF EXISTS `django_site`;
/*!40101 SET @saved_cs_client     = @@character_set_client */;
/*!40101 SET character_set_client = utf8 */;
CREATE TABLE `django_site` (
  `id` int(11) NOT NULL AUTO_INCREMENT,
  `domain` varchar(100) NOT NULL,
  `name` varchar(50) NOT NULL,
  PRIMARY KEY (`id`),
  UNIQUE KEY `django_site_domain_a2e37b91_uniq` (`domain`)
) ENGINE=InnoDB AUTO_INCREMENT=3 DEFAULT CHARSET=latin1;
/*!40101 SET character_set_client = @saved_cs_client */;

--
-- Dumping data for table `django_site`
--

LOCK TABLES `django_site` WRITE;
/*!40000 ALTER TABLE `django_site` DISABLE KEYS */;
INSERT INTO `django_site` VALUES (1,'example.com','example.com'),(2,'http://www.supercarreport.com','Supercar Report');
/*!40000 ALTER TABLE `django_site` ENABLE KEYS */;
UNLOCK TABLES;

--
-- Table structure for table `project_make`
--

DROP TABLE IF EXISTS `project_make`;
/*!40101 SET @saved_cs_client     = @@character_set_client */;
/*!40101 SET character_set_client = utf8 */;
CREATE TABLE `project_make` (
  `id` int(11) NOT NULL AUTO_INCREMENT,
  `name` varchar(100) NOT NULL,
  `alias` varchar(100) NOT NULL,
  PRIMARY KEY (`id`)
) ENGINE=InnoDB AUTO_INCREMENT=20 DEFAULT CHARSET=latin1;
/*!40101 SET character_set_client = @saved_cs_client */;

--
-- Dumping data for table `project_make`
--

LOCK TABLES `project_make` WRITE;
/*!40000 ALTER TABLE `project_make` DISABLE KEYS */;
INSERT INTO `project_make` VALUES (1,'Audi','Audi'),(2,'Mercedes Benz','Mercedes-Benz'),(3,'Tesla','Tesla'),(4,'Aston Martin','Aston Martin'),(5,'Bentley','Bentley'),(6,'BMW','BMW'),(7,'Chevrolet','Chevrolet'),(8,'Ferrari','Ferrari'),(9,'Jaguar','Jaguar'),(10,'Lamborghini','Lamborghini'),(11,'Lotus','Lotus'),(12,'Maserati','Maserati'),(13,'McLaren','McLaren'),(14,'Nissan','Nissan'),(15,'Porsche','Porsche'),(16,'Rolls Royce','Rolls Royce'),(18,'Ford','Ford'),(19,'Dodge','Dodge');
/*!40000 ALTER TABLE `project_make` ENABLE KEYS */;
UNLOCK TABLES;

--
-- Table structure for table `project_model`
--

DROP TABLE IF EXISTS `project_model`;
/*!40101 SET @saved_cs_client     = @@character_set_client */;
/*!40101 SET character_set_client = utf8 */;
CREATE TABLE `project_model` (
  `id` int(11) NOT NULL AUTO_INCREMENT,
  `name` varchar(100) NOT NULL,
  `alias` varchar(100) NOT NULL,
  `make_id` int(11) NOT NULL,
  `max_price` int(11) NOT NULL,
  `min_price` int(11) NOT NULL,
  `year_interval` int(4) DEFAULT '0',
  PRIMARY KEY (`id`),
  KEY `project_model_make_id_31c254ea_fk_project_make_id` (`make_id`),
  CONSTRAINT `project_model_make_id_31c254ea_fk_project_make_id` FOREIGN KEY (`make_id`) REFERENCES `project_make` (`id`)
) ENGINE=InnoDB AUTO_INCREMENT=144 DEFAULT CHARSET=latin1;
/*!40101 SET character_set_client = @saved_cs_client */;

--
-- Dumping data for table `project_model`
--

LOCK TABLES `project_model` WRITE;
/*!40000 ALTER TABLE `project_model` DISABLE KEYS */;
INSERT INTO `project_model` VALUES (1,'RS3','RS3',1,200000,3500,0),(2,'RS4','RS4',1,150000,7500,0),(3,'Amg Gt','AMG GT-S',2,300000,50000,0),(4,'Slr Mclaren','SLR-McLaren',2,1500000,90000,0),(5,'Sls Amg','SLS-AMG',2,500000,80000,0),(6,'Model S','Model S',3,150000,38000,0),(7,'Model X','Model X',3,200000,55000,0),(8,'Roadster','Roadster',3,200000,20000,0),(9,'R8','R8',1,250000,35000,3),(10,'R8 Spyder','R8',1,250000,35000,0),(11,'RS5','RS5',1,150000,12000,0),(12,'RS6','RS6',1,150000,4000,0),(13,'RS7','RS7',1,200000,20000,0),(14,'S3','S3',1,100000,3500,0),(15,'S4','S4',1,90000,4000,5),(16,'S5','S5',1,100000,14000,3),(17,'S6','S6',1,200000,3500,0),(18,'S7','S7',1,200000,7500,0),(19,'S8','S8',1,200000,3500,0),(20,'DB7','DB7',4,200000,25000,0),(21,'DB9','DB9',4,300000,35000,0),(22,'DBS','DBS',4,300000,70000,0),(23,'Rapide','Rapide',4,300000,55000,0),(24,'Rapide S','Rapide',4,400000,45000,0),(25,'V12 Vantage','V12 Vantage',4,300000,45000,0),(26,'V8 Vantage','V8 Vantage',4,200000,35000,0),(27,'Vanquish','Vanquish',4,500000,35000,0),(28,'Virage','Virage',4,300000,35000,0),(29,'Arnage','Arnage',5,300000,25000,0),(30,'Azure','Azure',5,600000,35000,0),(31,'Bentayga','Bentayga',5,500000,75000,0),(32,'Brooklands','Brooklands',5,200000,10000,0),(33,'Continental','Continental',5,500000,10000,0),(34,'Continental Flying Spur','Continental Flying Spur',5,400000,35000,0),(35,'Continental GT','Continental GT',5,400000,35000,4),(36,'Continental GTC','Continental GTC',5,400000,35000,0),(37,'Continental Supersports','Continental Supersports',5,500000,35000,0),(39,'Flying Spur','Flying Spur',5,300000,25000,0),(40,'Mulsanne','Mulsanne',5,500000,15000,0),(41,'Virage Volante','Virage',4,300000,35000,0),(42,'i8','i8',6,300000,40000,0),(43,'M2','M2',6,100000,15000,0),(44,'M3','M3',6,100000,7000,4),(45,'M4','M4',6,100000,25000,0),(46,'M5','M5',6,100000,8000,5),(47,'M6','M6',6,200000,20000,5),(48,'M6 Gran Coupe','M6',6,200000,20000,0),(49,'Z1','Z1',6,150000,15000,0),(50,'Z8','Z8',6,400000,55000,0),(51,'Camaro','Camaro',7,90000,6500,4),(52,'Corvette','Corvette',7,150000,9000,4),(53,'308','308',8,300000,20000,0),(54,'328','328',8,300000,20000,0),(55,'348','348',8,300000,30000,0),(56,'360','360',8,300000,35000,0),(57,'456','456',8,200000,20000,0),(58,'458 Italia','458',8,700000,90000,0),(59,'458 Speciale','458',8,700000,90000,0),(60,'458 Spider','458',8,700000,90000,0),(61,'488 GTB','488',8,800000,90000,0),(62,'488 GTS Spider','488',8,800000,90000,0),(63,'512','512',8,900000,35000,0),(64,'550','550',8,800000,35000,0),(65,'575','575',8,900000,35000,0),(66,'599','599',8,800000,50000,0),(67,'612 Scaglietti','612 Scaglietti',8,300000,50000,0),(68,'California','California',8,800000,55000,0),(69,'Enzo','Enzo',8,4500000,300000,0),(70,'F355','F355',8,300000,30000,0),(71,'F40','F40',8,4500000,300000,0),(72,'F430','F430',8,600000,50000,0),(73,'F50','F50',8,4500000,300000,0),(74,'FF','FF',8,500000,65000,0),(75,'LaFerrari','LaFerrari',8,6000000,400000,0),(76,'Mondial','Mondial',8,300000,15000,0),(77,'Testarossa','Testarossa',8,800000,35000,0),(78,'California T','California',8,800000,55000,0),(79,'E-Type','E-Type',9,300000,35000,0),(80,'F-Type','F-Type',9,150000,35000,0),(81,'Aventador','Aventador',10,700000,80000,0),(82,'Countach','Countach',10,700000,60000,0),(83,'Diablo','Diablo',10,700000,70000,0),(84,'Gallardo','Gallardo',10,300000,60000,0),(85,'Huracan','Huracan',10,300000,90000,0),(86,'Murcielago','Murcielago',10,500000,80000,0),(87,'Elan','Elan',11,65000,6000,0),(88,'Elise','Elise',11,100000,18000,0),(89,'Esprit','Esprit',11,75000,15000,0),(90,'Evora','Evora',11,120000,30000,0),(91,'Exige','Exige',11,150000,30000,0),(92,'Coupe','Coupe',12,80000,12000,0),(93,'Ghibli','Ghibli',12,150000,30000,0),(94,'GranSport','GranSport',12,120000,15000,0),(95,'GranTurismo','GranTurismo',12,200000,30000,0),(96,'GranTurismo Convertible','GranTurismo',12,200000,30000,0),(97,'Levante','Levante',12,140000,35000,0),(98,'Quattroporte','Quattroporte',12,200000,20000,0),(99,'Spyder','Spyder',12,100000,15000,0),(100,'570S','570S',13,400000,90000,0),(101,'650S','650S',13,400000,90000,0),(102,'650S Spider','650S',13,400000,90000,0),(103,'675LT','675LT',13,600000,90000,0),(105,'300ZX','300ZX',14,40000,3500,4),(106,'350Z','350Z',14,80000,4500,3),(107,'370Z','370Z',14,90000,10000,3),(108,'GT-R','GT-R',14,300000,35000,0),(110,'911','911',15,300000,18000,3),(111,'911 GT3','911 GT3',15,500000,30000,0),(113,'911 Turbo','911 Turbo',15,450000,18000,10),(114,'912','912',15,100000,8000,0),(115,'914','914',15,100000,6000,0),(116,'918','918',15,4500000,500000,0),(117,'924','924',15,50000,3500,0),(118,'928','928',15,100000,5000,0),(119,'944','944',15,50000,4000,0),(120,'968','968',15,100000,7000,0),(121,'Boxster','Boxster',15,100000,7000,4),(122,'Carrera GT','Carrera GT',15,1500000,200000,0),(123,'Cayenne','Cayenne',15,200000,10000,3),(124,'Cayman','Cayman',15,150000,17000,3),(125,'Panamera','Panamera',15,200000,30000,3),(126,'Corniche','Corniche',16,200000,20000,0),(127,'Ghost','Ghost',16,500000,45000,0),(128,'Phantom','Phantom',16,700000,45000,0),(129,'Silver Seraph','Silver Seraph',16,300000,20000,0),(130,'Silver Shadow','Silver Shadow',16,100000,8000,0),(131,'Silver Spirit','Silver Spirit',16,100000,12000,0),(132,'Wraith','Wraith',16,600000,90000,0),(135,'Xk','XK-Type',9,110000,9000,4),(136,'Mustang','Mustang',18,90000,7000,5),(137,'Cl-Class','CL-Class',2,200000,8000,8),(138,'Sl-Class','SL-Class',2,250000,7000,5),(139,'S-Class','S-Class',2,200000,6500,4),(140,'Z4','Z4',6,100000,6000,3),(141,'Z3','Z3',6,60000,3500,0),(142,'8 Series','8 Series',6,100000,5000,0),(143,'Viper','Viper',19,200000,15000,4);
/*!40000 ALTER TABLE `project_model` ENABLE KEYS */;
UNLOCK TABLES;

--
-- Table structure for table `project_yearfilter`
--

DROP TABLE IF EXISTS `project_yearfilter`;
/*!40101 SET @saved_cs_client     = @@character_set_client */;
/*!40101 SET character_set_client = utf8 */;
CREATE TABLE `project_yearfilter` (
  `id` int(11) NOT NULL AUTO_INCREMENT,
  `from_year` int(11) NOT NULL,
  `to_year` int(11) NOT NULL,
  `model_id` int(11) NOT NULL,
  PRIMARY KEY (`id`),
  KEY `project_yearfilter_model_id_10210088_fk_project_model_id` (`model_id`),
  CONSTRAINT `project_yearfilter_model_id_10210088_fk_project_model_id` FOREIGN KEY (`model_id`) REFERENCES `project_model` (`id`)
) ENGINE=InnoDB AUTO_INCREMENT=160 DEFAULT CHARSET=latin1;
/*!40101 SET character_set_client = @saved_cs_client */;

--
-- Dumping data for table `project_yearfilter`
--

LOCK TABLES `project_yearfilter` WRITE;
/*!40000 ALTER TABLE `project_yearfilter` DISABLE KEYS */;
INSERT INTO `project_yearfilter` VALUES (1,2008,2012,8),(2,2012,2100,6),(3,2016,2100,7),(4,2010,2015,5),(5,2003,2010,4),(6,2014,2100,3),(7,2000,2001,2),(8,2006,2008,2),(9,2012,2015,2),(10,2011,2013,1),(11,2015,2016,1),(12,1997,2100,19),(13,2012,2100,18),(14,1994,2100,17),(15,2007,2100,16),(16,1992,2100,15),(17,1999,2003,14),(18,2006,2100,14),(19,2013,2100,13),(20,2002,2010,12),(21,2013,2016,12),(22,2010,2015,11),(23,2007,2100,10),(24,2007,2100,9),(25,2011,2012,28),(26,1999,2004,20),(27,2004,2016,21),(28,2008,2012,22),(29,2010,2100,23),(30,2010,2100,24),(31,2011,2100,25),(32,2005,2100,26),(33,2001,2007,27),(34,2012,2100,27),(35,1998,2009,29),(36,1995,2003,30),(37,2006,2010,30),(38,2016,2100,31),(39,1993,1998,32),(40,2008,2011,32),(42,1984,2100,33),(43,2005,2100,34),(44,2004,2100,35),(45,2007,2100,36),(46,2009,2013,37),(48,2005,2100,39),(49,1980,1992,40),(50,2010,2100,40),(51,2011,2012,41),(52,2014,2100,42),(53,2015,2100,43),(54,1985,2016,44),(55,2014,2100,45),(56,1985,2100,46),(57,1984,1989,47),(58,2005,2010,47),(59,2012,2100,47),(60,1984,1989,48),(61,2005,2010,48),(62,2012,2100,48),(63,1989,1992,49),(64,2000,2003,50),(65,1967,2002,51),(66,2010,2100,51),(67,1954,2100,52),(68,1975,1985,53),(69,1986,1989,54),(70,1989,1995,55),(71,1999,2005,56),(72,1993,2003,57),(73,2010,2015,58),(74,2010,2015,59),(75,2010,2015,60),(76,2015,2100,61),(77,2015,2100,62),(78,1974,1996,63),(79,1996,2002,64),(80,2002,2006,65),(81,2006,2012,66),(82,2004,2011,67),(83,2008,2100,68),(84,2008,2100,78),(85,2002,2005,69),(86,1994,1999,70),(87,1987,1993,71),(88,2005,2009,72),(89,1995,1997,73),(90,2011,2016,74),(91,2014,2100,75),(92,1980,1994,76),(93,1984,1996,77),(94,1961,1975,79),(95,2013,2100,80),(96,2011,2100,81),(97,1974,1990,82),(98,1990,2001,83),(99,2003,2014,84),(100,2014,2100,85),(101,2002,2010,86),(102,1962,1975,87),(103,1989,1996,87),(104,1997,2100,88),(105,1976,2004,89),(106,2010,2100,90),(107,2000,2100,91),(108,2002,2007,92),(109,2013,2100,93),(110,2004,2008,94),(111,2007,2100,96),(112,2007,2100,95),(113,2016,2100,97),(114,2004,2100,98),(115,2001,2007,99),(116,2015,2100,100),(117,2014,2100,101),(118,2014,2100,102),(119,2015,2100,103),(121,1983,2000,105),(122,2003,2009,106),(123,2009,2100,107),(124,2009,2100,108),(126,1963,2100,110),(127,1999,2100,111),(129,1975,2100,113),(130,1965,1976,114),(131,1969,1976,115),(132,2014,2016,116),(133,1976,1988,117),(134,1977,1995,118),(135,1982,1991,119),(136,1992,1995,120),(137,1997,2016,121),(138,2004,2005,122),(139,2003,2100,123),(140,2005,2016,124),(141,2009,2100,125),(142,1966,1995,126),(143,2010,2100,127),(144,2004,2100,128),(145,1998,2002,129),(146,1966,1980,130),(147,1980,1999,131),(148,2013,2100,132),(150,1997,2015,135),(151,1965,2016,136),(152,1999,2014,137),(153,1990,2016,138),(154,2000,2016,139),(155,2003,2016,140),(156,1996,2002,141),(157,1989,1999,142),(158,1993,2010,143),(159,2013,2017,143);
/*!40000 ALTER TABLE `project_yearfilter` ENABLE KEYS */;
UNLOCK TABLES;
/*!40103 SET TIME_ZONE=@OLD_TIME_ZONE */;

/*!40101 SET SQL_MODE=@OLD_SQL_MODE */;
/*!40014 SET FOREIGN_KEY_CHECKS=@OLD_FOREIGN_KEY_CHECKS */;
/*!40014 SET UNIQUE_CHECKS=@OLD_UNIQUE_CHECKS */;
/*!40101 SET CHARACTER_SET_CLIENT=@OLD_CHARACTER_SET_CLIENT */;
/*!40101 SET CHARACTER_SET_RESULTS=@OLD_CHARACTER_SET_RESULTS */;
/*!40101 SET COLLATION_CONNECTION=@OLD_COLLATION_CONNECTION */;
/*!40111 SET SQL_NOTES=@OLD_SQL_NOTES */;

-- Dump completed on 2017-01-08  7:28:44
